Year,Month,Day,Weekday,Weekday_int,Seasonality
2014,1,1,Wed,2,PublicHoliday
2014,1,2,Thu,3,SchoolHoliday
2014,1,3,Fri,4,SchoolHoliday
2014,1,4,Sat,5,SchoolHoliday
2014,1,5,Sun,6,SchoolHoliday
2014,1,6,Mon,0,SchoolHoliday
2014,1,7,Tue,1,SchoolHoliday
2014,1,8,Wed,2,SchoolHoliday
2014,1,9,Thu,3,SchoolHoliday
2014,1,10,Fri,4,SchoolHoliday
2014,1,11,Sat,5,SchoolHoliday
2014,1,12,Sun,6,SchoolHoliday
2014,1,13,Mon,0,SchoolHoliday
2014,1,14,Tue,1,SchoolHoliday
2014,1,15,Wed,2,SchoolHoliday
2014,1,16,Thu,3,SchoolHoliday
2014,1,17,Fri,4,SchoolHoliday
2014,1,18,Sat,5,SchoolHoliday
2014,1,19,Sun,6,SchoolHoliday
2014,1,20,Mon,0,SchoolHoliday
2014,1,21,Tue,1,SchoolHoliday
2014,1,22,Wed,2,SchoolHoliday
2014,1,23,Thu,3,SchoolHoliday
2014,1,24,Fri,4,SchoolHoliday
2014,1,25,Sat,5,SchoolHoliday
2014,1,26,Sun,6,SchoolHoliday
2014,1,27,Mon,0,PublicHoliday
2014,1,28,Tue,1,Normal
2014,1,29,Wed,2,Normal
2014,1,30,Thu,3,Normal
2014,1,31,Fri,4,Normal
2014,2,1,Sat,5,Normal
2014,2,2,Sun,6,Normal
2014,2,3,Mon,0,Normal
2014,2,4,Tue,1,Normal
2014,2,5,Wed,2,Normal
2014,2,6,Thu,3,Normal
2014,2,7,Fri,4,Normal
2014,2,8,Sat,5,Normal
2014,2,9,Sun,6,Normal
2014,2,10,Mon,0,Normal
2014,2,11,Tue,1,Normal
2014,2,12,Wed,2,Normal
2014,2,13,Thu,3,Normal
2014,2,14,Fri,4,Normal
2014,2,15,Sat,5,Normal
2014,2,16,Sun,6,Normal
2014,2,17,Mon,0,Normal
2014,2,18,Tue,1,Normal
2014,2,19,Wed,2,Normal
2014,2,20,Thu,3,Normal
2014,2,21,Fri,4,Normal
2014,2,22,Sat,5,Normal
2014,2,23,Sun,6,Normal
2014,2,24,Mon,0,Normal
2014,2,25,Tue,1,Normal
2014,2,26,Wed,2,Normal
2014,2,27,Thu,3,Normal
2014,2,28,Fri,4,Normal
2014,3,1,Sat,5,Normal
2014,3,2,Sun,6,Normal
2014,3,3,Mon,0,Normal
2014,3,4,Tue,1,Normal
2014,3,5,Wed,2,Normal
2014,3,6,Thu,3,Normal
2014,3,7,Fri,4,Normal
2014,3,8,Sat,5,Normal
2014,3,9,Sun,6,Normal
2014,3,10,Mon,0,PublicHoliday
2014,3,11,Tue,1,Normal
2014,3,12,Wed,2,Normal
2014,3,13,Thu,3,Normal
2014,3,14,Fri,4,Normal
2014,3,15,Sat,5,Normal
2014,3,16,Sun,6,Normal
2014,3,17,Mon,0,Normal
2014,3,18,Tue,1,Normal
2014,3,19,Wed,2,Normal
2014,3,20,Thu,3,Normal
2014,3,21,Fri,4,Normal
2014,3,22,Sat,5,Normal
2014,3,23,Sun,6,Normal
2014,3,24,Mon,0,Normal
2014,3,25,Tue,1,Normal
2014,3,26,Wed,2,Normal
2014,3,27,Thu,3,Normal
2014,3,28,Fri,4,Normal
2014,3,29,Sat,5,Normal
2014,3,30,Sun,6,Normal
2014,3,31,Mon,0,Normal
2014,4,1,Tue,1,Normal
2014,4,2,Wed,2,Normal
2014,4,3,Thu,3,Normal
2014,4,4,Fri,4,Normal
2014,4,5,Sat,5,SchoolHoliday
2014,4,6,Sun,6,SchoolHoliday
2014,4,7,Mon,0,SchoolHoliday
2014,4,8,Tue,1,SchoolHoliday
2014,4,9,Wed,2,SchoolHoliday
2014,4,10,Thu,3,SchoolHoliday
2014,4,11,Fri,4,SchoolHoliday
2014,4,12,Sat,5,SchoolHoliday
2014,4,13,Sun,6,SchoolHoliday
2014,4,14,Mon,0,SchoolHoliday
2014,4,15,Tue,1,SchoolHoliday
2014,4,16,Wed,2,SchoolHoliday
2014,4,17,Thu,3,SchoolHoliday
2014,4,18,Fri,4,PublicHoliday
2014,4,19,Sat,5,PublicHoliday
2014,4,20,Sun,6,PublicHoliday
2014,4,21,Mon,0,PublicHoliday
2014,4,22,Tue,1,Normal
2014,4,23,Wed,2,Normal
2014,4,24,Thu,3,Normal
2014,4,25,Fri,4,PublicHoliday
2014,4,26,Sat,5,Normal
2014,4,27,Sun,6,Normal
2014,4,28,Mon,0,Normal
2014,4,29,Tue,1,Normal
2014,4,30,Wed,2,Normal
2014,5,1,Thu,3,Normal
2014,5,2,Fri,4,Normal
2014,5,3,Sat,5,Normal
2014,5,4,Sun,6,Normal
2014,5,5,Mon,0,Normal
2014,5,6,Tue,1,Normal
2014,5,7,Wed,2,Normal
2014,5,8,Thu,3,Normal
2014,5,9,Fri,4,Normal
2014,5,10,Sat,5,Normal
2014,5,11,Sun,6,Normal
2014,5,12,Mon,0,Normal
2014,5,13,Tue,1,Normal
2014,5,14,Wed,2,Normal
2014,5,15,Thu,3,Normal
2014,5,16,Fri,4,Normal
2014,5,17,Sat,5,Normal
2014,5,18,Sun,6,Normal
2014,5,19,Mon,0,Normal
2014,5,20,Tue,1,Normal
2014,5,21,Wed,2,Normal
2014,5,22,Thu,3,Normal
2014,5,23,Fri,4,Normal
2014,5,24,Sat,5,Normal
2014,5,25,Sun,6,Normal
2014,5,26,Mon,0,Normal
2014,5,27,Tue,1,Normal
2014,5,28,Wed,2,Normal
2014,5,29,Thu,3,Normal
2014,5,30,Fri,4,Normal
2014,5,31,Sat,5,Normal
2014,6,1,Sun,6,Normal
2014,6,2,Mon,0,Normal
2014,6,3,Tue,1,Normal
2014,6,4,Wed,2,Normal
2014,6,5,Thu,3,Normal
2014,6,6,Fri,4,Normal
2014,6,7,Sat,5,Normal
2014,6,8,Sun,6,Normal
2014,6,9,Mon,0,PublicHoliday
2014,6,10,Tue,1,Normal
2014,6,11,Wed,2,Normal
2014,6,12,Thu,3,Normal
2014,6,13,Fri,4,Normal
2014,6,14,Sat,5,Normal
2014,6,15,Sun,6,Normal
2014,6,16,Mon,0,Normal
2014,6,17,Tue,1,Normal
2014,6,18,Wed,2,Normal
2014,6,19,Thu,3,Normal
2014,6,20,Fri,4,Normal
2014,6,21,Sat,5,Normal
2014,6,22,Sun,6,Normal
2014,6,23,Mon,0,Normal
2014,6,24,Tue,1,Normal
2014,6,25,Wed,2,Normal
2014,6,26,Thu,3,Normal
2014,6,27,Fri,4,Normal
2014,6,28,Sat,5,SchoolHoliday
2014,6,29,Sun,6,SchoolHoliday
2014,6,30,Mon,0,SchoolHoliday
2014,7,1,Tue,1,SchoolHoliday
2014,7,2,Wed,2,SchoolHoliday
2014,7,3,Thu,3,SchoolHoliday
2014,7,4,Fri,4,SchoolHoliday
2014,7,5,Sat,5,SchoolHoliday
2014,7,6,Sun,6,SchoolHoliday
2014,7,7,Mon,0,SchoolHoliday
2014,7,8,Tue,1,SchoolHoliday
2014,7,9,Wed,2,SchoolHoliday
2014,7,10,Thu,3,SchoolHoliday
2014,7,11,Fri,4,SchoolHoliday
2014,7,12,Sat,5,SchoolHoliday
2014,7,13,Sun,6,SchoolHoliday
2014,7,14,Mon,0,Normal
2014,7,15,Tue,1,Normal
2014,7,16,Wed,2,Normal
2014,7,17,Thu,3,Normal
2014,7,18,Fri,4,Normal
2014,7,19,Sat,5,Normal
2014,7,20,Sun,6,Normal
2014,7,21,Mon,0,Normal
2014,7,22,Tue,1,Normal
2014,7,23,Wed,2,Normal
2014,7,24,Thu,3,Normal
2014,7,25,Fri,4,Normal
2014,7,26,Sat,5,Normal
2014,7,27,Sun,6,Normal
2014,7,28,Mon,0,Normal
2014,7,29,Tue,1,Normal
2014,7,30,Wed,2,Normal
2014,7,31,Thu,3,Normal
2014,8,1,Fri,4,Normal
2014,8,2,Sat,5,Normal
2014,8,3,Sun,6,Normal
2014,8,4,Mon,0,Normal
2014,8,5,Tue,1,Normal
2014,8,6,Wed,2,Normal
2014,8,7,Thu,3,Normal
2014,8,8,Fri,4,Normal
2014,8,9,Sat,5,Normal
2014,8,10,Sun,6,Normal
2014,8,11,Mon,0,Normal
2014,8,12,Tue,1,Normal
2014,8,13,Wed,2,Normal
2014,8,14,Thu,3,Normal
2014,8,15,Fri,4,Normal
2014,8,16,Sat,5,Normal
2014,8,17,Sun,6,Normal
2014,8,18,Mon,0,Normal
2014,8,19,Tue,1,Normal
2014,8,20,Wed,2,Normal
2014,8,21,Thu,3,Normal
2014,8,22,Fri,4,Normal
2014,8,23,Sat,5,Normal
2014,8,24,Sun,6,Normal
2014,8,25,Mon,0,Normal
2014,8,26,Tue,1,Normal
2014,8,27,Wed,2,Normal
2014,8,28,Thu,3,Normal
2014,8,29,Fri,4,Normal
2014,8,30,Sat,5,Normal
2014,8,31,Sun,6,Normal
2014,9,1,Mon,0,Normal
2014,9,2,Tue,1,Normal
2014,9,3,Wed,2,Normal
2014,9,4,Thu,3,Normal
2014,9,5,Fri,4,Normal
2014,9,6,Sat,5,Normal
2014,9,7,Sun,6,Normal
2014,9,8,Mon,0,Normal
2014,9,9,Tue,1,Normal
2014,9,10,Wed,2,Normal
2014,9,11,Thu,3,Normal
2014,9,12,Fri,4,Normal
2014,9,13,Sat,5,Normal
2014,9,14,Sun,6,Normal
2014,9,15,Mon,0,Normal
2014,9,16,Tue,1,Normal
2014,9,17,Wed,2,Normal
2014,9,18,Thu,3,Normal
2014,9,19,Fri,4,Normal
2014,9,20,Sat,5,SchoolHoliday
2014,9,21,Sun,6,SchoolHoliday
2014,9,22,Mon,0,SchoolHoliday
2014,9,23,Tue,1,SchoolHoliday
2014,9,24,Wed,2,SchoolHoliday
2014,9,25,Thu,3,SchoolHoliday
2014,9,26,Fri,4,SchoolHoliday
2014,9,27,Sat,5,SchoolHoliday
2014,9,28,Sun,6,SchoolHoliday
2014,9,29,Mon,0,SchoolHoliday
2014,9,30,Tue,1,SchoolHoliday
2014,10,1,Wed,2,SchoolHoliday
2014,10,2,Thu,3,SchoolHoliday
2014,10,3,Fri,4,SchoolHoliday
2014,10,4,Sat,5,SchoolHoliday
2014,10,5,Sun,6,SchoolHoliday
2014,10,6,Mon,0,SchoolHoliday
2014,10,7,Tue,1,SchoolHoliday
2014,10,8,Wed,2,Normal
2014,10,9,Thu,3,Normal
2014,10,10,Fri,4,Normal
2014,10,11,Sat,5,Normal
2014,10,12,Sun,6,Normal
2014,10,13,Mon,0,Normal
2014,10,14,Tue,1,Normal
2014,10,15,Wed,2,Normal
2014,10,16,Thu,3,Normal
2014,10,17,Fri,4,Normal
2014,10,18,Sat,5,Normal
2014,10,19,Sun,6,Normal
2014,10,20,Mon,0,Normal
2014,10,21,Tue,1,Normal
2014,10,22,Wed,2,Normal
2014,10,23,Thu,3,Normal
2014,10,24,Fri,4,Normal
2014,10,25,Sat,5,Normal
2014,10,26,Sun,6,Normal
2014,10,27,Mon,0,Normal
2014,10,28,Tue,1,Normal
2014,10,29,Wed,2,Normal
2014,10,30,Thu,3,Normal
2014,10,31,Fri,4,Normal
2014,11,1,Sat,5,Normal
2014,11,2,Sun,6,Normal
2014,11,3,Mon,0,Normal
2014,11,4,Tue,1,PublicHoliday
2014,11,5,Wed,2,Normal
2014,11,6,Thu,3,Normal
2014,11,7,Fri,4,Normal
2014,11,8,Sat,5,Normal
2014,11,9,Sun,6,Normal
2014,11,10,Mon,0,Normal
2014,11,11,Tue,1,Normal
2014,11,12,Wed,2,Normal
2014,11,13,Thu,3,Normal
2014,11,14,Fri,4,Normal
2014,11,15,Sat,5,Normal
2014,11,16,Sun,6,Normal
2014,11,17,Mon,0,Normal
2014,11,18,Tue,1,Normal
2014,11,19,Wed,2,Normal
2014,11,20,Thu,3,Normal
2014,11,21,Fri,4,Normal
2014,11,22,Sat,5,Normal
2014,11,23,Sun,6,Normal
2014,11,24,Mon,0,Normal
2014,11,25,Tue,1,Normal
2014,11,26,Wed,2,Normal
2014,11,27,Thu,3,Normal
2014,11,28,Fri,4,Normal
2014,11,29,Sat,5,Normal
2014,11,30,Sun,6,Normal
2014,12,1,Mon,0,Normal
2014,12,2,Tue,1,Normal
2014,12,3,Wed,2,Normal
2014,12,4,Thu,3,Normal
2014,12,5,Fri,4,Normal
2014,12,6,Sat,5,Normal
2014,12,7,Sun,6,Normal
2014,12,8,Mon,0,Normal
2014,12,9,Tue,1,Normal
2014,12,10,Wed,2,Normal
2014,12,11,Thu,3,Normal
2014,12,12,Fri,4,Normal
2014,12,13,Sat,5,Normal
2014,12,14,Sun,6,Normal
2014,12,15,Mon,0,Normal
2014,12,16,Tue,1,Normal
2014,12,17,Wed,2,Normal
2014,12,18,Thu,3,Normal
2014,12,19,Fri,4,Normal
2014,12,20,Sat,5,SchoolHoliday
2014,12,21,Sun,6,SchoolHoliday
2014,12,22,Mon,0,SchoolHoliday
2014,12,23,Tue,1,SchoolHoliday
2014,12,24,Wed,2,SchoolHoliday
2014,12,25,Thu,3,PublicHoliday
2014,12,26,Fri,4,PublicHoliday
2014,12,27,Sat,5,SchoolHoliday
2014,12,28,Sun,6,SchoolHoliday
2014,12,29,Mon,0,SchoolHoliday
2014,12,30,Tue,1,SchoolHoliday
2014,12,31,Wed,2,SchoolHoliday
2015,1,1,Thu,3,PublicHoliday
2015,1,2,Fri,4,SchoolHoliday
2015,1,3,Sat,5,SchoolHoliday
2015,1,4,Sun,6,SchoolHoliday
2015,1,5,Mon,0,SchoolHoliday
2015,1,6,Tue,1,SchoolHoliday
2015,1,7,Wed,2,SchoolHoliday
2015,1,8,Thu,3,SchoolHoliday
2015,1,9,Fri,4,SchoolHoliday
2015,1,10,Sat,5,SchoolHoliday
2015,1,11,Sun,6,SchoolHoliday
2015,1,12,Mon,0,SchoolHoliday
2015,1,13,Tue,1,SchoolHoliday
2015,1,14,Wed,2,SchoolHoliday
2015,1,15,Thu,3,SchoolHoliday
2015,1,16,Fri,4,SchoolHoliday
2015,1,17,Sat,5,SchoolHoliday
2015,1,18,Sun,6,SchoolHoliday
2015,1,19,Mon,0,SchoolHoliday
2015,1,20,Tue,1,SchoolHoliday
2015,1,21,Wed,2,SchoolHoliday
2015,1,22,Thu,3,SchoolHoliday
2015,1,23,Fri,4,SchoolHoliday
2015,1,24,Sat,5,SchoolHoliday
2015,1,25,Sun,6,SchoolHoliday
2015,1,26,Mon,0,PublicHoliday
2015,1,27,Tue,1,Normal
2015,1,28,Wed,2,Normal
2015,1,29,Thu,3,Normal
2015,1,30,Fri,4,Normal
2015,1,31,Sat,5,Normal
2015,2,1,Sun,6,Normal
2015,2,2,Mon,0,Normal
2015,2,3,Tue,1,Normal
2015,2,4,Wed,2,Normal
2015,2,5,Thu,3,Normal
2015,2,6,Fri,4,Normal
2015,2,7,Sat,5,Normal
2015,2,8,Sun,6,Normal
2015,2,9,Mon,0,Normal
2015,2,10,Tue,1,Normal
2015,2,11,Wed,2,Normal
2015,2,12,Thu,3,Normal
2015,2,13,Fri,4,Normal
2015,2,14,Sat,5,Normal
2015,2,15,Sun,6,Normal
2015,2,16,Mon,0,Normal
2015,2,17,Tue,1,Normal
2015,2,18,Wed,2,Normal
2015,2,19,Thu,3,Normal
2015,2,20,Fri,4,Normal
2015,2,21,Sat,5,Normal
2015,2,22,Sun,6,Normal
2015,2,23,Mon,0,Normal
2015,2,24,Tue,1,Normal
2015,2,25,Wed,2,Normal
2015,2,26,Thu,3,Normal
2015,2,27,Fri,4,Normal
2015,2,28,Sat,5,Normal
2015,3,1,Sun,6,Normal
2015,3,2,Mon,0,Normal
2015,3,3,Tue,1,Normal
2015,3,4,Wed,2,Normal
2015,3,5,Thu,3,Normal
2015,3,6,Fri,4,Normal
2015,3,7,Sat,5,Normal
2015,3,8,Sun,6,Normal
2015,3,9,Mon,0,PublicHoliday
2015,3,10,Tue,1,Normal
2015,3,11,Wed,2,Normal
2015,3,12,Thu,3,Normal
2015,3,13,Fri,4,Normal
2015,3,14,Sat,5,Normal
2015,3,15,Sun,6,Normal
2015,3,16,Mon,0,Normal
2015,3,17,Tue,1,Normal
2015,3,18,Wed,2,Normal
2015,3,19,Thu,3,Normal
2015,3,20,Fri,4,Normal
2015,3,21,Sat,5,Normal
2015,3,22,Sun,6,Normal
2015,3,23,Mon,0,Normal
2015,3,24,Tue,1,Normal
2015,3,25,Wed,2,Normal
2015,3,26,Thu,3,Normal
2015,3,27,Fri,4,Normal
2015,3,28,Sat,5,SchoolHoliday
2015,3,29,Sun,6,SchoolHoliday
2015,3,30,Mon,0,SchoolHoliday
2015,3,31,Tue,1,SchoolHoliday
2015,4,1,Wed,2,SchoolHoliday
2015,4,2,Thu,3,SchoolHoliday
2015,4,3,Fri,4,PublicHoliday
2015,4,4,Sat,5,PublicHoliday
2015,4,5,Sun,6,PublicHoliday
2015,4,6,Mon,0,PublicHoliday
2015,4,7,Tue,1,SchoolHoliday
2015,4,8,Wed,2,SchoolHoliday
2015,4,9,Thu,3,SchoolHoliday
2015,4,10,Fri,4,SchoolHoliday
2015,4,11,Sat,5,SchoolHoliday
2015,4,12,Sun,6,SchoolHoliday
2015,4,13,Mon,0,Normal
2015,4,14,Tue,1,Normal
2015,4,15,Wed,2,Normal
2015,4,16,Thu,3,Normal
2015,4,17,Fri,4,Normal
2015,4,18,Sat,5,Normal
2015,4,19,Sun,6,Normal
2015,4,20,Mon,0,Normal
2015,4,21,Tue,1,Normal
2015,4,22,Wed,2,Normal
2015,4,23,Thu,3,Normal
2015,4,24,Fri,4,Normal
2015,4,25,Sat,5,PublicHoliday
2015,4,26,Sun,6,Normal
2015,4,27,Mon,0,Normal
2015,4,28,Tue,1,Normal
2015,4,29,Wed,2,Normal
2015,4,30,Thu,3,Normal
2015,5,1,Fri,4,Normal
2015,5,2,Sat,5,Normal
2015,5,3,Sun,6,Normal
2015,5,4,Mon,0,Normal
2015,5,5,Tue,1,Normal
2015,5,6,Wed,2,Normal
2015,5,7,Thu,3,Normal
2015,5,8,Fri,4,Normal
2015,5,9,Sat,5,Normal
2015,5,10,Sun,6,Normal
2015,5,11,Mon,0,Normal
2015,5,12,Tue,1,Normal
2015,5,13,Wed,2,Normal
2015,5,14,Thu,3,Normal
2015,5,15,Fri,4,Normal
2015,5,16,Sat,5,Normal
2015,5,17,Sun,6,Normal
2015,5,18,Mon,0,Normal
2015,5,19,Tue,1,Normal
2015,5,20,Wed,2,Normal
2015,5,21,Thu,3,Normal
2015,5,22,Fri,4,Normal
2015,5,23,Sat,5,Normal
2015,5,24,Sun,6,Normal
2015,5,25,Mon,0,Normal
2015,5,26,Tue,1,Normal
2015,5,27,Wed,2,Normal
2015,5,28,Thu,3,Normal
2015,5,29,Fri,4,Normal
2015,5,30,Sat,5,Normal
2015,5,31,Sun,6,Normal
2015,6,1,Mon,0,Normal
2015,6,2,Tue,1,Normal
2015,6,3,Wed,2,Normal
2015,6,4,Thu,3,Normal
2015,6,5,Fri,4,Normal
2015,6,6,Sat,5,Normal
2015,6,7,Sun,6,Normal
2015,6,8,Mon,0,PublicHoliday
2015,6,9,Tue,1,Normal
2015,6,10,Wed,2,Normal
2015,6,11,Thu,3,Normal
2015,6,12,Fri,4,Normal
2015,6,13,Sat,5,Normal
2015,6,14,Sun,6,Normal
2015,6,15,Mon,0,Normal
2015,6,16,Tue,1,Normal
2015,6,17,Wed,2,Normal
2015,6,18,Thu,3,Normal
2015,6,19,Fri,4,Normal
2015,6,20,Sat,5,Normal
2015,6,21,Sun,6,Normal
2015,6,22,Mon,0,Normal
2015,6,23,Tue,1,Normal
2015,6,24,Wed,2,Normal
2015,6,25,Thu,3,Normal
2015,6,26,Fri,4,Normal
2015,6,27,Sat,5,SchoolHoliday
2015,6,28,Sun,6,SchoolHoliday
2015,6,29,Mon,0,SchoolHoliday
2015,6,30,Tue,1,SchoolHoliday
2015,7,1,Wed,2,SchoolHoliday
2015,7,2,Thu,3,SchoolHoliday
2015,7,3,Fri,4,SchoolHoliday
2015,7,4,Sat,5,SchoolHoliday
2015,7,5,Sun,6,SchoolHoliday
2015,7,6,Mon,0,SchoolHoliday
2015,7,7,Tue,1,SchoolHoliday
2015,7,8,Wed,2,SchoolHoliday
2015,7,9,Thu,3,SchoolHoliday
2015,7,10,Fri,4,SchoolHoliday
2015,7,11,Sat,5,SchoolHoliday
2015,7,12,Sun,6,SchoolHoliday
2015,7,13,Mon,0,Normal
2015,7,14,Tue,1,Normal
2015,7,15,Wed,2,Normal
2015,7,16,Thu,3,Normal
2015,7,17,Fri,4,Normal
2015,7,18,Sat,5,Normal
2015,7,19,Sun,6,Normal
2015,7,20,Mon,0,Normal
2015,7,21,Tue,1,Normal
2015,7,22,Wed,2,Normal
2015,7,23,Thu,3,Normal
2015,7,24,Fri,4,Normal
2015,7,25,Sat,5,Normal
2015,7,26,Sun,6,Normal
2015,7,27,Mon,0,Normal
2015,7,28,Tue,1,Normal
2015,7,29,Wed,2,Normal
2015,7,30,Thu,3,Normal
2015,7,31,Fri,4,Normal
2015,8,1,Sat,5,Normal
2015,8,2,Sun,6,Normal
2015,8,3,Mon,0,Normal
2015,8,4,Tue,1,Normal
2015,8,5,Wed,2,Normal
2015,8,6,Thu,3,Normal
2015,8,7,Fri,4,Normal
2015,8,8,Sat,5,Normal
2015,8,9,Sun,6,Normal
2015,8,10,Mon,0,Normal
2015,8,11,Tue,1,Normal
2015,8,12,Wed,2,Normal
2015,8,13,Thu,3,Normal
2015,8,14,Fri,4,Normal
2015,8,15,Sat,5,Normal
2015,8,16,Sun,6,Normal
2015,8,17,Mon,0,Normal
2015,8,18,Tue,1,Normal
2015,8,19,Wed,2,Normal
2015,8,20,Thu,3,Normal
2015,8,21,Fri,4,Normal
2015,8,22,Sat,5,Normal
2015,8,23,Sun,6,Normal
2015,8,24,Mon,0,Normal
2015,8,25,Tue,1,Normal
2015,8,26,Wed,2,Normal
2015,8,27,Thu,3,Normal
2015,8,28,Fri,4,Normal
2015,8,29,Sat,5,Normal
2015,8,30,Sun,6,Normal
2015,8,31,Mon,0,Normal
2015,9,1,Tue,1,Normal
2015,9,2,Wed,2,Normal
2015,9,3,Thu,3,Normal
2015,9,4,Fri,4,Normal
2015,9,5,Sat,5,Normal
2015,9,6,Sun,6,Normal
2015,9,7,Mon,0,Normal
2015,9,8,Tue,1,Normal
2015,9,9,Wed,2,Normal
2015,9,10,Thu,3,Normal
2015,9,11,Fri,4,Normal
2015,9,12,Sat,5,Normal
2015,9,13,Sun,6,Normal
2015,9,14,Mon,0,Normal
2015,9,15,Tue,1,Normal
2015,9,16,Wed,2,Normal
2015,9,17,Thu,3,Normal
2015,9,18,Fri,4,Normal
2015,9,19,Sat,5,SchoolHoliday
2015,9,20,Sun,6,SchoolHoliday
2015,9,21,Mon,0,SchoolHoliday
2015,9,22,Tue,1,SchoolHoliday
2015,9,23,Wed,2,SchoolHoliday
2015,9,24,Thu,3,SchoolHoliday
2015,9,25,Fri,4,SchoolHoliday
2015,9,26,Sat,5,SchoolHoliday
2015,9,27,Sun,6,SchoolHoliday
2015,9,28,Mon,0,SchoolHoliday
2015,9,29,Tue,1,SchoolHoliday
2015,9,30,Wed,2,SchoolHoliday
2015,10,1,Thu,3,SchoolHoliday
2015,10,2,Fri,4,PublicHoliday
2015,10,3,Sat,5,SchoolHoliday
2015,10,4,Sun,6,SchoolHoliday
2015,10,5,Mon,0,SchoolHoliday
2015,10,6,Tue,1,Normal
2015,10,7,Wed,2,Normal
2015,10,8,Thu,3,Normal
2015,10,9,Fri,4,Normal
2015,10,10,Sat,5,Normal
2015,10,11,Sun,6,Normal
2015,10,12,Mon,0,Normal
2015,10,13,Tue,1,Normal
2015,10,14,Wed,2,Normal
2015,10,15,Thu,3,Normal
2015,10,16,Fri,4,Normal
2015,10,17,Sat,5,Normal
2015,10,18,Sun,6,Normal
2015,10,19,Mon,0,Normal
2015,10,20,Tue,1,Normal
2015,10,21,Wed,2,Normal
2015,10,22,Thu,3,Normal
2015,10,23,Fri,4,Normal
2015,10,24,Sat,5,Normal
2015,10,25,Sun,6,Normal
2015,10,26,Mon,0,Normal
2015,10,27,Tue,1,Normal
2015,10,28,Wed,2,Normal
2015,10,29,Thu,3,Normal
2015,10,30,Fri,4,Normal
2015,10,31,Sat,5,Normal
2015,11,1,Sun,6,Normal
2015,11,2,Mon,0,Normal
2015,11,3,Tue,1,PublicHoliday
2015,11,4,Wed,2,Normal
2015,11,5,Thu,3,Normal
2015,11,6,Fri,4,Normal
2015,11,7,Sat,5,Normal
2015,11,8,Sun,6,Normal
2015,11,9,Mon,0,Normal
2015,11,10,Tue,1,Normal
2015,11,11,Wed,2,Normal
2015,11,12,Thu,3,Normal
2015,11,13,Fri,4,Normal
2015,11,14,Sat,5,Normal
2015,11,15,Sun,6,Normal
2015,11,16,Mon,0,Normal
2015,11,17,Tue,1,Normal
2015,11,18,Wed,2,Normal
2015,11,19,Thu,3,Normal
2015,11,20,Fri,4,Normal
2015,11,21,Sat,5,Normal
2015,11,22,Sun,6,Normal
2015,11,23,Mon,0,Normal
2015,11,24,Tue,1,Normal
2015,11,25,Wed,2,Normal
2015,11,26,Thu,3,Normal
2015,11,27,Fri,4,Normal
2015,11,28,Sat,5,Normal
2015,11,29,Sun,6,Normal
2015,11,30,Mon,0,Normal
2015,12,1,Tue,1,Normal
2015,12,2,Wed,2,Normal
2015,12,3,Thu,3,Normal
2015,12,4,Fri,4,Normal
2015,12,5,Sat,5,Normal
2015,12,6,Sun,6,Normal
2015,12,7,Mon,0,Normal
2015,12,8,Tue,1,Normal
2015,12,9,Wed,2,Normal
2015,12,10,Thu,3,Normal
2015,12,11,Fri,4,Normal
2015,12,12,Sat,5,Normal
2015,12,13,Sun,6,Normal
2015,12,14,Mon,0,Normal
2015,12,15,Tue,1,Normal
2015,12,16,Wed,2,Normal
2015,12,17,Thu,3,Normal
2015,12,18,Fri,4,Normal
2015,12,19,Sat,5,SchoolHoliday
2015,12,20,Sun,6,SchoolHoliday
2015,12,21,Mon,0,SchoolHoliday
2015,12,22,Tue,1,SchoolHoliday
2015,12,23,Wed,2,SchoolHoliday
2015,12,24,Thu,3,SchoolHoliday
2015,12,25,Fri,4,PublicHoliday
2015,12,26,Sat,5,SchoolHoliday
2015,12,27,Sun,6,SchoolHoliday
2015,12,28,Mon,0,PublicHoliday
2015,12,29,Tue,1,SchoolHoliday
2015,12,30,Wed,2,SchoolHoliday
2015,12,31,Thu,3,SchoolHoliday
2016,1,1,Fri,4,PublicHoliday
2016,1,2,Sat,5,SchoolHoliday
2016,1,3,Sun,6,SchoolHoliday
2016,1,4,Mon,0,SchoolHoliday
2016,1,5,Tue,1,SchoolHoliday
2016,1,6,Wed,2,SchoolHoliday
2016,1,7,Thu,3,SchoolHoliday
2016,1,8,Fri,4,SchoolHoliday
2016,1,9,Sat,5,SchoolHoliday
2016,1,10,Sun,6,SchoolHoliday
2016,1,11,Mon,0,SchoolHoliday
2016,1,12,Tue,1,SchoolHoliday
2016,1,13,Wed,2,SchoolHoliday
2016,1,14,Thu,3,SchoolHoliday
2016,1,15,Fri,4,SchoolHoliday
2016,1,16,Sat,5,SchoolHoliday
2016,1,17,Sun,6,SchoolHoliday
2016,1,18,Mon,0,SchoolHoliday
2016,1,19,Tue,1,SchoolHoliday
2016,1,20,Wed,2,SchoolHoliday
2016,1,21,Thu,3,SchoolHoliday
2016,1,22,Fri,4,SchoolHoliday
2016,1,23,Sat,5,SchoolHoliday
2016,1,24,Sun,6,SchoolHoliday
2016,1,25,Mon,0,SchoolHoliday
2016,1,26,Tue,1,PublicHoliday
2016,1,27,Wed,2,Normal
2016,1,28,Thu,3,Normal
2016,1,29,Fri,4,Normal
2016,1,30,Sat,5,Normal
2016,1,31,Sun,6,Normal
2016,2,1,Mon,0,Normal
2016,2,2,Tue,1,Normal
2016,2,3,Wed,2,Normal
2016,2,4,Thu,3,Normal
2016,2,5,Fri,4,Normal
2016,2,6,Sat,5,Normal
2016,2,7,Sun,6,Normal
2016,2,8,Mon,0,Normal
2016,2,9,Tue,1,Normal
2016,2,10,Wed,2,Normal
2016,2,11,Thu,3,Normal
2016,2,12,Fri,4,Normal
2016,2,13,Sat,5,Normal
2016,2,14,Sun,6,Normal
2016,2,15,Mon,0,Normal
2016,2,16,Tue,1,Normal
2016,2,17,Wed,2,Normal
2016,2,18,Thu,3,Normal
2016,2,19,Fri,4,Normal
2016,2,20,Sat,5,Normal
2016,2,21,Sun,6,Normal
2016,2,22,Mon,0,Normal
2016,2,23,Tue,1,Normal
2016,2,24,Wed,2,Normal
2016,2,25,Thu,3,Normal
2016,2,26,Fri,4,Normal
2016,2,27,Sat,5,Normal
2016,2,28,Sun,6,Normal
2016,2,29,Mon,0,Normal
2016,3,1,Tue,1,Normal
2016,3,2,Wed,2,Normal
2016,3,3,Thu,3,Normal
2016,3,4,Fri,4,Normal
2016,3,5,Sat,5,Normal
2016,3,6,Sun,6,Normal
2016,3,7,Mon,0,Normal
2016,3,8,Tue,1,Normal
2016,3,9,Wed,2,Normal
2016,3,10,Thu,3,Normal
2016,3,11,Fri,4,Normal
2016,3,12,Sat,5,Normal
2016,3,13,Sun,6,Normal
2016,3,14,Mon,0,PublicHoliday
2016,3,15,Tue,1,Normal
2016,3,16,Wed,2,Normal
2016,3,17,Thu,3,Normal
2016,3,18,Fri,4,Normal
2016,3,19,Sat,5,Normal
2016,3,20,Sun,6,Normal
2016,3,21,Mon,0,Normal
2016,3,22,Tue,1,Normal
2016,3,23,Wed,2,Normal
2016,3,24,Thu,3,Normal
2016,3,25,Fri,4,PublicHoliday
2016,3,26,Sat,5,PublicHoliday
2016,3,27,Sun,6,PublicHoliday
2016,3,28,Mon,0,PublicHoliday
2016,3,29,Tue,1,SchoolHoliday
2016,3,30,Wed,2,SchoolHoliday
2016,3,31,Thu,3,SchoolHoliday
2016,4,1,Fri,4,SchoolHoliday
2016,4,2,Sat,5,SchoolHoliday
2016,4,3,Sun,6,SchoolHoliday
2016,4,4,Mon,0,SchoolHoliday
2016,4,5,Tue,1,SchoolHoliday
2016,4,6,Wed,2,SchoolHoliday
2016,4,7,Thu,3,SchoolHoliday
2016,4,8,Fri,4,SchoolHoliday
2016,4,9,Sat,5,SchoolHoliday
2016,4,10,Sun,6,SchoolHoliday
2016,4,11,Mon,0,Normal
2016,4,12,Tue,1,Normal
2016,4,13,Wed,2,Normal
2016,4,14,Thu,3,Normal
2016,4,15,Fri,4,Normal
2016,4,16,Sat,5,Normal
2016,4,17,Sun,6,Normal
2016,4,18,Mon,0,Normal
2016,4,19,Tue,1,Normal
2016,4,20,Wed,2,Normal
2016,4,21,Thu,3,Normal
2016,4,22,Fri,4,Normal
2016,4,23,Sat,5,Normal
2016,4,24,Sun,6,Normal
2016,4,25,Mon,0,PublicHoliday
2016,4,26,Tue,1,Normal
2016,4,27,Wed,2,Normal
2016,4,28,Thu,3,Normal
2016,4,29,Fri,4,Normal
2016,4,30,Sat,5,Normal
2016,5,1,Sun,6,Normal
2016,5,2,Mon,0,Normal
2016,5,3,Tue,1,Normal
2016,5,4,Wed,2,Normal
2016,5,5,Thu,3,Normal
2016,5,6,Fri,4,Normal
2016,5,7,Sat,5,Normal
2016,5,8,Sun,6,Normal
2016,5,9,Mon,0,Normal
2016,5,10,Tue,1,Normal
2016,5,11,Wed,2,Normal
2016,5,12,Thu,3,Normal
2016,5,13,Fri,4,Normal
2016,5,14,Sat,5,Normal
2016,5,15,Sun,6,Normal
2016,5,16,Mon,0,Normal
2016,5,17,Tue,1,Normal
2016,5,18,Wed,2,Normal
2016,5,19,Thu,3,Normal
2016,5,20,Fri,4,Normal
2016,5,21,Sat,5,Normal
2016,5,22,Sun,6,Normal
2016,5,23,Mon,0,Normal
2016,5,24,Tue,1,Normal
2016,5,25,Wed,2,Normal
2016,5,26,Thu,3,Normal
2016,5,27,Fri,4,Normal
2016,5,28,Sat,5,Normal
2016,5,29,Sun,6,Normal
2016,5,30,Mon,0,Normal
2016,5,31,Tue,1,Normal
2016,6,1,Wed,2,Normal
2016,6,2,Thu,3,Normal
2016,6,3,Fri,4,Normal
2016,6,4,Sat,5,Normal
2016,6,5,Sun,6,Normal
2016,6,6,Mon,0,Normal
2016,6,7,Tue,1,Normal
2016,6,8,Wed,2,Normal
2016,6,9,Thu,3,Normal
2016,6,10,Fri,4,Normal
2016,6,11,Sat,5,Normal
2016,6,12,Sun,6,Normal
2016,6,13,Mon,0,PublicHoliday
2016,6,14,Tue,1,Normal
2016,6,15,Wed,2,Normal
2016,6,16,Thu,3,Normal
2016,6,17,Fri,4,Normal
2016,6,18,Sat,5,Normal
2016,6,19,Sun,6,Normal
2016,6,20,Mon,0,Normal
2016,6,21,Tue,1,Normal
2016,6,22,Wed,2,Normal
2016,6,23,Thu,3,Normal
2016,6,24,Fri,4,Normal
2016,6,25,Sat,5,SchoolHoliday
2016,6,26,Sun,6,SchoolHoliday
2016,6,27,Mon,0,SchoolHoliday
2016,6,28,Tue,1,SchoolHoliday
2016,6,29,Wed,2,SchoolHoliday
2016,6,30,Thu,3,SchoolHoliday
2016,7,1,Fri,4,SchoolHoliday
2016,7,2,Sat,5,SchoolHoliday
2016,7,3,Sun,6,SchoolHoliday
2016,7,4,Mon,0,SchoolHoliday
2016,7,5,Tue,1,SchoolHoliday
2016,7,6,Wed,2,SchoolHoliday
2016,7,7,Thu,3,SchoolHoliday
2016,7,8,Fri,4,SchoolHoliday
2016,7,9,Sat,5,SchoolHoliday
2016,7,10,Sun,6,SchoolHoliday
2016,7,11,Mon,0,Normal
2016,7,12,Tue,1,Normal
2016,7,13,Wed,2,Normal
2016,7,14,Thu,3,Normal
2016,7,15,Fri,4,Normal
2016,7,16,Sat,5,Normal
2016,7,17,Sun,6,Normal
2016,7,18,Mon,0,Normal
2016,7,19,Tue,1,Normal
2016,7,20,Wed,2,Normal
2016,7,21,Thu,3,Normal
2016,7,22,Fri,4,Normal
2016,7,23,Sat,5,Normal
2016,7,24,Sun,6,Normal
2016,7,25,Mon,0,Normal
2016,7,26,Tue,1,Normal
2016,7,27,Wed,2,Normal
2016,7,28,Thu,3,Normal
2016,7,29,Fri,4,Normal
2016,7,30,Sat,5,Normal
2016,7,31,Sun,6,Normal
2016,8,1,Mon,0,Normal
2016,8,2,Tue,1,Normal
2016,8,3,Wed,2,Normal
2016,8,4,Thu,3,Normal
2016,8,5,Fri,4,Normal
2016,8,6,Sat,5,Normal
2016,8,7,Sun,6,Normal
2016,8,8,Mon,0,Normal
2016,8,9,Tue,1,Normal
2016,8,10,Wed,2,Normal
2016,8,11,Thu,3,Normal
2016,8,12,Fri,4,Normal
2016,8,13,Sat,5,Normal
2016,8,14,Sun,6,Normal
2016,8,15,Mon,0,Normal
2016,8,16,Tue,1,Normal
2016,8,17,Wed,2,Normal
2016,8,18,Thu,3,Normal
2016,8,19,Fri,4,Normal
2016,8,20,Sat,5,Normal
2016,8,21,Sun,6,Normal
2016,8,22,Mon,0,Normal
2016,8,23,Tue,1,Normal
2016,8,24,Wed,2,Normal
2016,8,25,Thu,3,Normal
2016,8,26,Fri,4,Normal
2016,8,27,Sat,5,Normal
2016,8,28,Sun,6,Normal
2016,8,29,Mon,0,Normal
2016,8,30,Tue,1,Normal
2016,8,31,Wed,2,Normal
2016,9,1,Thu,3,Normal
2016,9,2,Fri,4,Normal
2016,9,3,Sat,5,Normal
2016,9,4,Sun,6,Normal
2016,9,5,Mon,0,Normal
2016,9,6,Tue,1,Normal
2016,9,7,Wed,2,Normal
2016,9,8,Thu,3,Normal
2016,9,9,Fri,4,Normal
2016,9,10,Sat,5,Normal
2016,9,11,Sun,6,Normal
2016,9,12,Mon,0,Normal
2016,9,13,Tue,1,Normal
2016,9,14,Wed,2,Normal
2016,9,15,Thu,3,Normal
2016,9,16,Fri,4,Normal
2016,9,17,Sat,5,SchoolHoliday
2016,9,18,Sun,6,SchoolHoliday
2016,9,19,Mon,0,SchoolHoliday
2016,9,20,Tue,1,SchoolHoliday
2016,9,21,Wed,2,SchoolHoliday
2016,9,22,Thu,3,SchoolHoliday
2016,9,23,Fri,4,SchoolHoliday
2016,9,24,Sat,5,SchoolHoliday
2016,9,25,Sun,6,SchoolHoliday
2016,9,26,Mon,0,SchoolHoliday
2016,9,27,Tue,1,SchoolHoliday
2016,9,28,Wed,2,SchoolHoliday
2016,9,29,Thu,3,SchoolHoliday
2016,9,30,Fri,4,PublicHoliday
2016,10,1,Sat,5,SchoolHoliday
2016,10,2,Sun,6,SchoolHoliday
2016,10,3,Mon,0,Normal
2016,10,4,Tue,1,Normal
2016,10,5,Wed,2,Normal
2016,10,6,Thu,3,Normal
2016,10,7,Fri,4,Normal
2016,10,8,Sat,5,Normal
2016,10,9,Sun,6,Normal
2016,10,10,Mon,0,Normal
2016,10,11,Tue,1,Normal
2016,10,12,Wed,2,Normal
2016,10,13,Thu,3,Normal
2016,10,14,Fri,4,Normal
2016,10,15,Sat,5,Normal
2016,10,16,Sun,6,Normal
2016,10,17,Mon,0,Normal
2016,10,18,Tue,1,Normal
2016,10,19,Wed,2,Normal
2016,10,20,Thu,3,Normal
2016,10,21,Fri,4,Normal
2016,10,22,Sat,5,Normal
2016,10,23,Sun,6,Normal
2016,10,24,Mon,0,Normal
2016,10,25,Tue,1,Normal
2016,10,26,Wed,2,Normal
2016,10,27,Thu,3,Normal
2016,10,28,Fri,4,Normal
2016,10,29,Sat,5,Normal
2016,10,30,Sun,6,Normal
2016,10,31,Mon,0,Normal
2016,11,1,Tue,1,PublicHoliday
2016,11,2,Wed,2,Normal
2016,11,3,Thu,3,Normal
2016,11,4,Fri,4,Normal
2016,11,5,Sat,5,Normal
2016,11,6,Sun,6,Normal
2016,11,7,Mon,0,Normal
2016,11,8,Tue,1,Normal
2016,11,9,Wed,2,Normal
2016,11,10,Thu,3,Normal
2016,11,11,Fri,4,Normal
2016,11,12,Sat,5,Normal
2016,11,13,Sun,6,Normal
2016,11,14,Mon,0,Normal
2016,11,15,Tue,1,Normal
2016,11,16,Wed,2,Normal
2016,11,17,Thu,3,Normal
2016,11,18,Fri,4,Normal
2016,11,19,Sat,5,Normal
2016,11,20,Sun,6,Normal
2016,11,21,Mon,0,Normal
2016,11,22,Tue,1,Normal
2016,11,23,Wed,2,Normal
2016,11,24,Thu,3,Normal
2016,11,25,Fri,4,Normal
2016,11,26,Sat,5,Normal
2016,11,27,Sun,6,Normal
2016,11,28,Mon,0,Normal
2016,11,29,Tue,1,Normal
2016,11,30,Wed,2,Normal
2016,12,1,Thu,3,Normal
2016,12,2,Fri,4,Normal
2016,12,3,Sat,5,Normal
2016,12,4,Sun,6,Normal
2016,12,5,Mon,0,Normal
2016,12,6,Tue,1,Normal
2016,12,7,Wed,2,Normal
2016,12,8,Thu,3,Normal
2016,12,9,Fri,4,Normal
2016,12,10,Sat,5,Normal
2016,12,11,Sun,6,Normal
2016,12,12,Mon,0,Normal
2016,12,13,Tue,1,Normal
2016,12,14,Wed,2,Normal
2016,12,15,Thu,3,Normal
2016,12,16,Fri,4,Normal
2016,12,17,Sat,5,Normal
2016,12,18,Sun,6,Normal
2016,12,19,Mon,0,Normal
2016,12,20,Tue,1,Normal
2016,12,21,Wed,2,SchoolHoliday
2016,12,22,Thu,3,SchoolHoliday
2016,12,23,Fri,4,SchoolHoliday
2016,12,24,Sat,5,SchoolHoliday
2016,12,25,Sun,6,PublicHoliday
2016,12,26,Mon,0,PublicHoliday
2016,12,27,Tue,1,PublicHoliday
2016,12,28,Wed,2,SchoolHoliday
2016,12,29,Thu,3,SchoolHoliday
2016,12,30,Fri,4,SchoolHoliday
2016,12,31,Sat,5,SchoolHoliday
2017,1,1,Sun,6,PublicHoliday
2017,1,2,Mon,0,PublicHoliday
2017,1,3,Tue,1,SchoolHoliday
2017,1,4,Wed,2,SchoolHoliday
2017,1,5,Thu,3,SchoolHoliday
2017,1,6,Fri,4,SchoolHoliday
2017,1,7,Sat,5,SchoolHoliday
2017,1,8,Sun,6,SchoolHoliday
2017,1,9,Mon,0,SchoolHoliday
2017,1,10,Tue,1,SchoolHoliday
2017,1,11,Wed,2,SchoolHoliday
2017,1,12,Thu,3,SchoolHoliday
2017,1,13,Fri,4,SchoolHoliday
2017,1,14,Sat,5,SchoolHoliday
2017,1,15,Sun,6,SchoolHoliday
2017,1,16,Mon,0,SchoolHoliday
2017,1,17,Tue,1,SchoolHoliday
2017,1,18,Wed,2,SchoolHoliday
2017,1,19,Thu,3,SchoolHoliday
2017,1,20,Fri,4,SchoolHoliday
2017,1,21,Sat,5,SchoolHoliday
2017,1,22,Sun,6,SchoolHoliday
2017,1,23,Mon,0,SchoolHoliday
2017,1,24,Tue,1,SchoolHoliday
2017,1,25,Wed,2,SchoolHoliday
2017,1,26,Thu,3,PublicHoliday
2017,1,27,Fri,4,SchoolHoliday
2017,1,28,Sat,5,SchoolHoliday
2017,1,29,Sun,6,SchoolHoliday
2017,1,30,Mon,0,Normal
2017,1,31,Tue,1,Normal
2017,2,1,Wed,2,Normal
2017,2,2,Thu,3,Normal
2017,2,3,Fri,4,Normal
2017,2,4,Sat,5,Normal
2017,2,5,Sun,6,Normal
2017,2,6,Mon,0,Normal
2017,2,7,Tue,1,Normal
2017,2,8,Wed,2,Normal
2017,2,9,Thu,3,Normal
2017,2,10,Fri,4,Normal
2017,2,11,Sat,5,Normal
2017,2,12,Sun,6,Normal
2017,2,13,Mon,0,Normal
2017,2,14,Tue,1,Normal
2017,2,15,Wed,2,Normal
2017,2,16,Thu,3,Normal
2017,2,17,Fri,4,Normal
2017,2,18,Sat,5,Normal
2017,2,19,Sun,6,Normal
2017,2,20,Mon,0,Normal
2017,2,21,Tue,1,Normal
2017,2,22,Wed,2,Normal
2017,2,23,Thu,3,Normal
2017,2,24,Fri,4,Normal
2017,2,25,Sat,5,Normal
2017,2,26,Sun,6,Normal
2017,2,27,Mon,0,Normal
2017,2,28,Tue,1,Normal
2017,3,1,Wed,2,Normal
2017,3,2,Thu,3,Normal
2017,3,3,Fri,4,Normal
2017,3,4,Sat,5,Normal
2017,3,5,Sun,6,Normal
2017,3,6,Mon,0,Normal
2017,3,7,Tue,1,Normal
2017,3,8,Wed,2,Normal
2017,3,9,Thu,3,Normal
2017,3,10,Fri,4,Normal
2017,3,11,Sat,5,Normal
2017,3,12,Sun,6,Normal
2017,3,13,Mon,0,PublicHoliday
2017,3,14,Tue,1,Normal
2017,3,15,Wed,2,Normal
2017,3,16,Thu,3,Normal
2017,3,17,Fri,4,Normal
2017,3,18,Sat,5,Normal
2017,3,19,Sun,6,Normal
2017,3,20,Mon,0,Normal
2017,3,21,Tue,1,Normal
2017,3,22,Wed,2,Normal
2017,3,23,Thu,3,Normal
2017,3,24,Fri,4,Normal
2017,3,25,Sat,5,Normal
2017,3,26,Sun,6,Normal
2017,3,27,Mon,0,Normal
2017,3,28,Tue,1,Normal
2017,3,29,Wed,2,Normal
2017,3,30,Thu,3,Normal
2017,3,31,Fri,4,Normal
2017,4,1,Sat,5,SchoolHoliday
2017,4,2,Sun,6,SchoolHoliday
2017,4,3,Mon,0,SchoolHoliday
2017,4,4,Tue,1,SchoolHoliday
2017,4,5,Wed,2,SchoolHoliday
2017,4,6,Thu,3,SchoolHoliday
2017,4,7,Fri,4,SchoolHoliday
2017,4,8,Sat,5,SchoolHoliday
2017,4,9,Sun,6,SchoolHoliday
2017,4,10,Mon,0,SchoolHoliday
2017,4,11,Tue,1,SchoolHoliday
2017,4,12,Wed,2,SchoolHoliday
2017,4,13,Thu,3,SchoolHoliday
2017,4,14,Fri,4,PublicHoliday
2017,4,15,Sat,5,PublicHoliday
2017,4,16,Sun,6,PublicHoliday
2017,4,17,Mon,0,PublicHoliday
2017,4,18,Tue,1,Normal
2017,4,19,Wed,2,Normal
2017,4,20,Thu,3,Normal
2017,4,21,Fri,4,Normal
2017,4,22,Sat,5,Normal
2017,4,23,Sun,6,Normal
2017,4,24,Mon,0,Normal
2017,4,25,Tue,1,PublicHoliday
2017,4,26,Wed,2,Normal
2017,4,27,Thu,3,Normal
2017,4,28,Fri,4,Normal
2017,4,29,Sat,5,Normal
2017,4,30,Sun,6,Normal
2017,5,1,Mon,0,Normal
2017,5,2,Tue,1,Normal
2017,5,3,Wed,2,Normal
2017,5,4,Thu,3,Normal
2017,5,5,Fri,4,Normal
2017,5,6,Sat,5,Normal
2017,5,7,Sun,6,Normal
2017,5,8,Mon,0,Normal
2017,5,9,Tue,1,Normal
2017,5,10,Wed,2,Normal
2017,5,11,Thu,3,Normal
2017,5,12,Fri,4,Normal
2017,5,13,Sat,5,Normal
2017,5,14,Sun,6,Normal
2017,5,15,Mon,0,Normal
2017,5,16,Tue,1,Normal
2017,5,17,Wed,2,Normal
2017,5,18,Thu,3,Normal
2017,5,19,Fri,4,Normal
2017,5,20,Sat,5,Normal
2017,5,21,Sun,6,Normal
2017,5,22,Mon,0,Normal
2017,5,23,Tue,1,Normal
2017,5,24,Wed,2,Normal
2017,5,25,Thu,3,Normal
2017,5,26,Fri,4,Normal
2017,5,27,Sat,5,Normal
2017,5,28,Sun,6,Normal
2017,5,29,Mon,0,Normal
2017,5,30,Tue,1,Normal
2017,5,31,Wed,2,Normal
2017,6,1,Thu,3,Normal
2017,6,2,Fri,4,Normal
2017,6,3,Sat,5,Normal
2017,6,4,Sun,6,Normal
2017,6,5,Mon,0,Normal
2017,6,6,Tue,1,Normal
2017,6,7,Wed,2,Normal
2017,6,8,Thu,3,Normal
2017,6,9,Fri,4,Normal
2017,6,10,Sat,5,Normal
2017,6,11,Sun,6,Normal
2017,6,12,Mon,0,PublicHoliday
2017,6,13,Tue,1,Normal
2017,6,14,Wed,2,Normal
2017,6,15,Thu,3,Normal
2017,6,16,Fri,4,Normal
2017,6,17,Sat,5,Normal
2017,6,18,Sun,6,Normal
2017,6,19,Mon,0,Normal
2017,6,20,Tue,1,Normal
2017,6,21,Wed,2,Normal
2017,6,22,Thu,3,Normal
2017,6,23,Fri,4,Normal
2017,6,24,Sat,5,Normal
2017,6,25,Sun,6,Normal
2017,6,26,Mon,0,Normal
2017,6,27,Tue,1,Normal
2017,6,28,Wed,2,Normal
2017,6,29,Thu,3,Normal
2017,6,30,Fri,4,Normal
2017,7,1,Sat,5,SchoolHoliday
2017,7,2,Sun,6,SchoolHoliday
2017,7,3,Mon,0,SchoolHoliday
2017,7,4,Tue,1,SchoolHoliday
2017,7,5,Wed,2,SchoolHoliday
2017,7,6,Thu,3,SchoolHoliday
2017,7,7,Fri,4,SchoolHoliday
2017,7,8,Sat,5,SchoolHoliday
2017,7,9,Sun,6,SchoolHoliday
2017,7,10,Mon,0,SchoolHoliday
2017,7,11,Tue,1,SchoolHoliday
2017,7,12,Wed,2,SchoolHoliday
2017,7,13,Thu,3,SchoolHoliday
2017,7,14,Fri,4,SchoolHoliday
2017,7,15,Sat,5,SchoolHoliday
2017,7,16,Sun,6,SchoolHoliday
2017,7,17,Mon,0,Normal
2017,7,18,Tue,1,Normal
2017,7,19,Wed,2,Normal
2017,7,20,Thu,3,Normal
2017,7,21,Fri,4,Normal
2017,7,22,Sat,5,Normal
2017,7,23,Sun,6,Normal
2017,7,24,Mon,0,Normal
2017,7,25,Tue,1,Normal
2017,7,26,Wed,2,Normal
2017,7,27,Thu,3,Normal
2017,7,28,Fri,4,Normal
2017,7,29,Sat,5,Normal
2017,7,30,Sun,6,Normal
2017,7,31,Mon,0,Normal
2017,8,1,Tue,1,Normal
2017,8,2,Wed,2,Normal
2017,8,3,Thu,3,Normal
2017,8,4,Fri,4,Normal
2017,8,5,Sat,5,Normal
2017,8,6,Sun,6,Normal
2017,8,7,Mon,0,Normal
2017,8,8,Tue,1,Normal
2017,8,9,Wed,2,Normal
2017,8,10,Thu,3,Normal
2017,8,11,Fri,4,Normal
2017,8,12,Sat,5,Normal
2017,8,13,Sun,6,Normal
2017,8,14,Mon,0,Normal
2017,8,15,Tue,1,Normal
2017,8,16,Wed,2,Normal
2017,8,17,Thu,3,Normal
2017,8,18,Fri,4,Normal
2017,8,19,Sat,5,Normal
2017,8,20,Sun,6,Normal
2017,8,21,Mon,0,Normal
2017,8,22,Tue,1,Normal
2017,8,23,Wed,2,Normal
2017,8,24,Thu,3,Normal
2017,8,25,Fri,4,Normal
2017,8,26,Sat,5,Normal
2017,8,27,Sun,6,Normal
2017,8,28,Mon,0,Normal
2017,8,29,Tue,1,Normal
2017,8,30,Wed,2,Normal
2017,8,31,Thu,3,Normal
2017,9,1,Fri,4,Normal
2017,9,2,Sat,5,Normal
2017,9,3,Sun,6,Normal
2017,9,4,Mon,0,Normal
2017,9,5,Tue,1,Normal
2017,9,6,Wed,2,Normal
2017,9,7,Thu,3,Normal
2017,9,8,Fri,4,Normal
2017,9,9,Sat,5,Normal
2017,9,10,Sun,6,Normal
2017,9,11,Mon,0,Normal
2017,9,12,Tue,1,Normal
2017,9,13,Wed,2,Normal
2017,9,14,Thu,3,Normal
2017,9,15,Fri,4,Normal
2017,9,16,Sat,5,Normal
2017,9,17,Sun,6,Normal
2017,9,18,Mon,0,Normal
2017,9,19,Tue,1,Normal
2017,9,20,Wed,2,Normal
2017,9,21,Thu,3,Normal
2017,9,22,Fri,4,Normal
2017,9,23,Sat,5,SchoolHoliday
2017,9,24,Sun,6,SchoolHoliday
2017,9,25,Mon,0,SchoolHoliday
2017,9,26,Tue,1,SchoolHoliday
2017,9,27,Wed,2,SchoolHoliday
2017,9,28,Thu,3,SchoolHoliday
2017,9,29,Fri,4,PublicHoliday
2017,9,30,Sat,5,SchoolHoliday
2017,10,1,Sun,6,SchoolHoliday
2017,10,2,Mon,0,SchoolHoliday
2017,10,3,Tue,1,SchoolHoliday
2017,10,4,Wed,2,SchoolHoliday
2017,10,5,Thu,3,SchoolHoliday
2017,10,6,Fri,4,SchoolHoliday
2017,10,7,Sat,5,SchoolHoliday
2017,10,8,Sun,6,SchoolHoliday
2017,10,9,Mon,0,Normal
2017,10,10,Tue,1,Normal
2017,10,11,Wed,2,Normal
2017,10,12,Thu,3,Normal
2017,10,13,Fri,4,Normal
2017,10,14,Sat,5,Normal
2017,10,15,Sun,6,Normal
2017,10,16,Mon,0,Normal
2017,10,17,Tue,1,Normal
2017,10,18,Wed,2,Normal
2017,10,19,Thu,3,Normal
2017,10,20,Fri,4,Normal
2017,10,21,Sat,5,Normal
2017,10,22,Sun,6,Normal
2017,10,23,Mon,0,Normal
2017,10,24,Tue,1,Normal
2017,10,25,Wed,2,Normal
2017,10,26,Thu,3,Normal
2017,10,27,Fri,4,Normal
2017,10,28,Sat,5,Normal
2017,10,29,Sun,6,Normal
2017,10,30,Mon,0,Normal
2017,10,31,Tue,1,Normal
2017,11,1,Wed,2,Normal
2017,11,2,Thu,3,Normal
2017,11,3,Fri,4,Normal
2017,11,4,Sat,5,Normal
2017,11,5,Sun,6,Normal
2017,11,6,Mon,0,Normal
2017,11,7,Tue,1,PublicHoliday
2017,11,8,Wed,2,Normal
2017,11,9,Thu,3,Normal
2017,11,10,Fri,4,Normal
2017,11,11,Sat,5,Normal
2017,11,12,Sun,6,Normal
2017,11,13,Mon,0,Normal
2017,11,14,Tue,1,Normal
2017,11,15,Wed,2,Normal
2017,11,16,Thu,3,Normal
2017,11,17,Fri,4,Normal
2017,11,18,Sat,5,Normal
2017,11,19,Sun,6,Normal
2017,11,20,Mon,0,Normal
2017,11,21,Tue,1,Normal
2017,11,22,Wed,2,Normal
2017,11,23,Thu,3,Normal
2017,11,24,Fri,4,Normal
2017,11,25,Sat,5,Normal
2017,11,26,Sun,6,Normal
2017,11,27,Mon,0,Normal
2017,11,28,Tue,1,Normal
2017,11,29,Wed,2,Normal
2017,11,30,Thu,3,Normal
2017,12,1,Fri,4,Normal
2017,12,2,Sat,5,Normal
2017,12,3,Sun,6,Normal
2017,12,4,Mon,0,Normal
2017,12,5,Tue,1,Normal
2017,12,6,Wed,2,Normal
2017,12,7,Thu,3,Normal
2017,12,8,Fri,4,Normal
2017,12,9,Sat,5,Normal
2017,12,10,Sun,6,Normal
2017,12,11,Mon,0,Normal
2017,12,12,Tue,1,Normal
2017,12,13,Wed,2,Normal
2017,12,14,Thu,3,Normal
2017,12,15,Fri,4,Normal
2017,12,16,Sat,5,Normal
2017,12,17,Sun,6,Normal
2017,12,18,Mon,0,Normal
2017,12,19,Tue,1,Normal
2017,12,20,Wed,2,Normal
2017,12,21,Thu,3,Normal
2017,12,22,Fri,4,SchoolHoliday
2017,12,23,Sat,5,SchoolHoliday
2017,12,24,Sun,6,SchoolHoliday
2017,12,25,Mon,0,PublicHoliday
2017,12,26,Tue,1,PublicHoliday
2017,12,27,Wed,2,SchoolHoliday
2017,12,28,Thu,3,SchoolHoliday
2017,12,29,Fri,4,SchoolHoliday
2017,12,30,Sat,5,SchoolHoliday
2017,12,31,Sun,6,SchoolHoliday
2018,1,1,Mon,0,PublicHoliday
2018,1,2,Tue,1,SchoolHoliday
2018,1,3,Wed,2,SchoolHoliday
2018,1,4,Thu,3,SchoolHoliday
2018,1,5,Fri,4,SchoolHoliday
2018,1,6,Sat,5,SchoolHoliday
2018,1,7,Sun,6,SchoolHoliday
2018,1,8,Mon,0,SchoolHoliday
2018,1,9,Tue,1,SchoolHoliday
2018,1,10,Wed,2,SchoolHoliday
2018,1,11,Thu,3,SchoolHoliday
2018,1,12,Fri,4,SchoolHoliday
2018,1,13,Sat,5,SchoolHoliday
2018,1,14,Sun,6,SchoolHoliday
2018,1,15,Mon,0,SchoolHoliday
2018,1,16,Tue,1,SchoolHoliday
2018,1,17,Wed,2,SchoolHoliday
2018,1,18,Thu,3,SchoolHoliday
2018,1,19,Fri,4,SchoolHoliday
2018,1,20,Sat,5,SchoolHoliday
2018,1,21,Sun,6,SchoolHoliday
2018,1,22,Mon,0,SchoolHoliday
2018,1,23,Tue,1,SchoolHoliday
2018,1,24,Wed,2,SchoolHoliday
2018,1,25,Thu,3,SchoolHoliday
2018,1,26,Fri,4,PublicHoliday
2018,1,27,Sat,5,SchoolHoliday
2018,1,28,Sun,6,SchoolHoliday
2018,1,29,Mon,0,Normal
2018,1,30,Tue,1,Normal
2018,1,31,Wed,2,Normal
2018,2,1,Thu,3,Normal
2018,2,2,Fri,4,Normal
2018,2,3,Sat,5,Normal
2018,2,4,Sun,6,Normal
2018,2,5,Mon,0,Normal
2018,2,6,Tue,1,Normal
2018,2,7,Wed,2,Normal
2018,2,8,Thu,3,Normal
2018,2,9,Fri,4,Normal
2018,2,10,Sat,5,Normal
2018,2,11,Sun,6,Normal
2018,2,12,Mon,0,Normal
2018,2,13,Tue,1,Normal
2018,2,14,Wed,2,Normal
2018,2,15,Thu,3,Normal
2018,2,16,Fri,4,Normal
2018,2,17,Sat,5,Normal
2018,2,18,Sun,6,Normal
2018,2,19,Mon,0,Normal
2018,2,20,Tue,1,Normal
2018,2,21,Wed,2,Normal
2018,2,22,Thu,3,Normal
2018,2,23,Fri,4,Normal
2018,2,24,Sat,5,Normal
2018,2,25,Sun,6,Normal
2018,2,26,Mon,0,Normal
2018,2,27,Tue,1,Normal
2018,2,28,Wed,2,Normal
2018,3,1,Thu,3,Normal
2018,3,2,Fri,4,Normal
2018,3,3,Sat,5,Normal
2018,3,4,Sun,6,Normal
2018,3,5,Mon,0,Normal
2018,3,6,Tue,1,Normal
2018,3,7,Wed,2,Normal
2018,3,8,Thu,3,Normal
2018,3,9,Fri,4,Normal
2018,3,10,Sat,5,Normal
2018,3,11,Sun,6,Normal
2018,3,12,Mon,0,PublicHoliday
2018,3,13,Tue,1,Normal
2018,3,14,Wed,2,Normal
2018,3,15,Thu,3,Normal
2018,3,16,Fri,4,Normal
2018,3,17,Sat,5,Normal
2018,3,18,Sun,6,Normal
2018,3,19,Mon,0,Normal
2018,3,20,Tue,1,Normal
2018,3,21,Wed,2,Normal
2018,3,22,Thu,3,Normal
2018,3,23,Fri,4,Normal
2018,3,24,Sat,5,Normal
2018,3,25,Sun,6,Normal
2018,3,26,Mon,0,Normal
2018,3,27,Tue,1,Normal
2018,3,28,Wed,2,Normal
2018,3,29,Thu,3,Normal
2018,3,30,Fri,4,PublicHoliday
2018,3,31,Sat,5,PublicHoliday
2018,4,1,Sun,6,PublicHoliday
2018,4,2,Mon,0,PublicHoliday
2018,4,3,Tue,1,SchoolHoliday
2018,4,4,Wed,2,SchoolHoliday
2018,4,5,Thu,3,SchoolHoliday
2018,4,6,Fri,4,SchoolHoliday
2018,4,7,Sat,5,SchoolHoliday
2018,4,8,Sun,6,SchoolHoliday
2018,4,9,Mon,0,SchoolHoliday
2018,4,10,Tue,1,SchoolHoliday
2018,4,11,Wed,2,SchoolHoliday
2018,4,12,Thu,3,SchoolHoliday
2018,4,13,Fri,4,SchoolHoliday
2018,4,14,Sat,5,SchoolHoliday
2018,4,15,Sun,6,SchoolHoliday
2018,4,16,Mon,0,Normal
2018,4,17,Tue,1,Normal
2018,4,18,Wed,2,Normal
2018,4,19,Thu,3,Normal
2018,4,20,Fri,4,Normal
2018,4,21,Sat,5,Normal
2018,4,22,Sun,6,Normal
2018,4,23,Mon,0,Normal
2018,4,24,Tue,1,Normal
2018,4,25,Wed,2,PublicHoliday
2018,4,26,Thu,3,Normal
2018,4,27,Fri,4,Normal
2018,4,28,Sat,5,Normal
2018,4,29,Sun,6,Normal
2018,4,30,Mon,0,Normal
2018,5,1,Tue,1,Normal
2018,5,2,Wed,2,Normal
2018,5,3,Thu,3,Normal
2018,5,4,Fri,4,Normal
2018,5,5,Sat,5,Normal
2018,5,6,Sun,6,Normal
2018,5,7,Mon,0,Normal
2018,5,8,Tue,1,Normal
2018,5,9,Wed,2,Normal
2018,5,10,Thu,3,Normal
2018,5,11,Fri,4,Normal
2018,5,12,Sat,5,Normal
2018,5,13,Sun,6,Normal
2018,5,14,Mon,0,Normal
2018,5,15,Tue,1,Normal
2018,5,16,Wed,2,Normal
2018,5,17,Thu,3,Normal
2018,5,18,Fri,4,Normal
2018,5,19,Sat,5,Normal
2018,5,20,Sun,6,Normal
2018,5,21,Mon,0,Normal
2018,5,22,Tue,1,Normal
2018,5,23,Wed,2,Normal
2018,5,24,Thu,3,Normal
2018,5,25,Fri,4,Normal
2018,5,26,Sat,5,Normal
2018,5,27,Sun,6,Normal
2018,5,28,Mon,0,Normal
2018,5,29,Tue,1,Normal
2018,5,30,Wed,2,Normal
2018,5,31,Thu,3,Normal
2018,6,1,Fri,4,Normal
2018,6,2,Sat,5,Normal
2018,6,3,Sun,6,Normal
2018,6,4,Mon,0,Normal
2018,6,5,Tue,1,Normal
2018,6,6,Wed,2,Normal
2018,6,7,Thu,3,Normal
2018,6,8,Fri,4,Normal
2018,6,9,Sat,5,Normal
2018,6,10,Sun,6,Normal
2018,6,11,Mon,0,PublicHoliday
2018,6,12,Tue,1,Normal
2018,6,13,Wed,2,Normal
2018,6,14,Thu,3,Normal
2018,6,15,Fri,4,Normal
2018,6,16,Sat,5,Normal
2018,6,17,Sun,6,Normal
2018,6,18,Mon,0,Normal
2018,6,19,Tue,1,Normal
2018,6,20,Wed,2,Normal
2018,6,21,Thu,3,Normal
2018,6,22,Fri,4,Normal
2018,6,23,Sat,5,Normal
2018,6,24,Sun,6,Normal
2018,6,25,Mon,0,Normal
2018,6,26,Tue,1,Normal
2018,6,27,Wed,2,Normal
2018,6,28,Thu,3,Normal
2018,6,29,Fri,4,Normal
2018,6,30,Sat,5,SchoolHoliday
2018,7,1,Sun,6,SchoolHoliday
2018,7,2,Mon,0,SchoolHoliday
2018,7,3,Tue,1,SchoolHoliday
2018,7,4,Wed,2,SchoolHoliday
2018,7,5,Thu,3,SchoolHoliday
2018,7,6,Fri,4,SchoolHoliday
2018,7,7,Sat,5,SchoolHoliday
2018,7,8,Sun,6,SchoolHoliday
2018,7,9,Mon,0,SchoolHoliday
2018,7,10,Tue,1,SchoolHoliday
2018,7,11,Wed,2,SchoolHoliday
2018,7,12,Thu,3,SchoolHoliday
2018,7,13,Fri,4,SchoolHoliday
2018,7,14,Sat,5,SchoolHoliday
2018,7,15,Sun,6,SchoolHoliday
2018,7,16,Mon,0,Normal
2018,7,17,Tue,1,Normal
2018,7,18,Wed,2,Normal
2018,7,19,Thu,3,Normal
2018,7,20,Fri,4,Normal
2018,7,21,Sat,5,Normal
2018,7,22,Sun,6,Normal
2018,7,23,Mon,0,Normal
2018,7,24,Tue,1,Normal
2018,7,25,Wed,2,Normal
2018,7,26,Thu,3,Normal
2018,7,27,Fri,4,Normal
2018,7,28,Sat,5,Normal
2018,7,29,Sun,6,Normal
2018,7,30,Mon,0,Normal
2018,7,31,Tue,1,Normal
2018,8,1,Wed,2,Normal
2018,8,2,Thu,3,Normal
2018,8,3,Fri,4,Normal
2018,8,4,Sat,5,Normal
2018,8,5,Sun,6,Normal
2018,8,6,Mon,0,Normal
2018,8,7,Tue,1,Normal
2018,8,8,Wed,2,Normal
2018,8,9,Thu,3,Normal
2018,8,10,Fri,4,Normal
2018,8,11,Sat,5,Normal
2018,8,12,Sun,6,Normal
2018,8,13,Mon,0,Normal
2018,8,14,Tue,1,Normal
2018,8,15,Wed,2,Normal
2018,8,16,Thu,3,Normal
2018,8,17,Fri,4,Normal
2018,8,18,Sat,5,Normal
2018,8,19,Sun,6,Normal
2018,8,20,Mon,0,Normal
2018,8,21,Tue,1,Normal
2018,8,22,Wed,2,Normal
2018,8,23,Thu,3,Normal
2018,8,24,Fri,4,Normal
2018,8,25,Sat,5,Normal
2018,8,26,Sun,6,Normal
2018,8,27,Mon,0,Normal
2018,8,28,Tue,1,Normal
2018,8,29,Wed,2,Normal
2018,8,30,Thu,3,Normal
2018,8,31,Fri,4,Normal
2018,9,1,Sat,5,Normal
2018,9,2,Sun,6,Normal
2018,9,3,Mon,0,Normal
2018,9,4,Tue,1,Normal
2018,9,5,Wed,2,Normal
2018,9,6,Thu,3,Normal
2018,9,7,Fri,4,Normal
2018,9,8,Sat,5,Normal
2018,9,9,Sun,6,Normal
2018,9,10,Mon,0,Normal
2018,9,11,Tue,1,Normal
2018,9,12,Wed,2,Normal
2018,9,13,Thu,3,Normal
2018,9,14,Fri,4,Normal
2018,9,15,Sat,5,Normal
2018,9,16,Sun,6,Normal
2018,9,17,Mon,0,Normal
2018,9,18,Tue,1,Normal
2018,9,19,Wed,2,Normal
2018,9,20,Thu,3,Normal
2018,9,21,Fri,4,Normal
2018,9,22,Sat,5,SchoolHoliday
2018,9,23,Sun,6,SchoolHoliday
2018,9,24,Mon,0,SchoolHoliday
2018,9,25,Tue,1,SchoolHoliday
2018,9,26,Wed,2,SchoolHoliday
2018,9,27,Thu,3,SchoolHoliday
2018,9,28,Fri,4,PublicHoliday
2018,9,29,Sat,5,SchoolHoliday
2018,9,30,Sun,6,SchoolHoliday
2018,10,1,Mon,0,SchoolHoliday
2018,10,2,Tue,1,SchoolHoliday
2018,10,3,Wed,2,SchoolHoliday
2018,10,4,Thu,3,SchoolHoliday
2018,10,5,Fri,4,SchoolHoliday
2018,10,6,Sat,5,SchoolHoliday
2018,10,7,Sun,6,SchoolHoliday
2018,10,8,Mon,0,Normal
2018,10,9,Tue,1,Normal
2018,10,10,Wed,2,Normal
2018,10,11,Thu,3,Normal
2018,10,12,Fri,4,Normal
2018,10,13,Sat,5,Normal
2018,10,14,Sun,6,Normal
2018,10,15,Mon,0,Normal
2018,10,16,Tue,1,Normal
2018,10,17,Wed,2,Normal
2018,10,18,Thu,3,Normal
2018,10,19,Fri,4,Normal
2018,10,20,Sat,5,Normal
2018,10,21,Sun,6,Normal
2018,10,22,Mon,0,Normal
2018,10,23,Tue,1,Normal
2018,10,24,Wed,2,Normal
2018,10,25,Thu,3,Normal
2018,10,26,Fri,4,Normal
2018,10,27,Sat,5,Normal
2018,10,28,Sun,6,Normal
2018,10,29,Mon,0,Normal
2018,10,30,Tue,1,Normal
2018,10,31,Wed,2,Normal
2018,11,1,Thu,3,Normal
2018,11,2,Fri,4,Normal
2018,11,3,Sat,5,Normal
2018,11,4,Sun,6,Normal
2018,11,5,Mon,0,Normal
2018,11,6,Tue,1,PublicHoliday
2018,11,7,Wed,2,Normal
2018,11,8,Thu,3,Normal
2018,11,9,Fri,4,Normal
2018,11,10,Sat,5,Normal
2018,11,11,Sun,6,Normal
2018,11,12,Mon,0,Normal
2018,11,13,Tue,1,Normal
2018,11,14,Wed,2,Normal
2018,11,15,Thu,3,Normal
2018,11,16,Fri,4,Normal
2018,11,17,Sat,5,Normal
2018,11,18,Sun,6,Normal
2018,11,19,Mon,0,Normal
2018,11,20,Tue,1,Normal
2018,11,21,Wed,2,Normal
2018,11,22,Thu,3,Normal
2018,11,23,Fri,4,Normal
2018,11,24,Sat,5,Normal
2018,11,25,Sun,6,Normal
2018,11,26,Mon,0,Normal
2018,11,27,Tue,1,Normal
2018,11,28,Wed,2,Normal
2018,11,29,Thu,3,Normal
2018,11,30,Fri,4,Normal
2018,12,1,Sat,5,Normal
2018,12,2,Sun,6,Normal
2018,12,3,Mon,0,Normal
2018,12,4,Tue,1,Normal
2018,12,5,Wed,2,Normal
2018,12,6,Thu,3,Normal
2018,12,7,Fri,4,Normal
2018,12,8,Sat,5,Normal
2018,12,9,Sun,6,Normal
2018,12,10,Mon,0,Normal
2018,12,11,Tue,1,Normal
2018,12,12,Wed,2,Normal
2018,12,13,Thu,3,Normal
2018,12,14,Fri,4,Normal
2018,12,15,Sat,5,Normal
2018,12,16,Sun,6,Normal
2018,12,17,Mon,0,Normal
2018,12,18,Tue,1,Normal
2018,12,19,Wed,2,Normal
2018,12,20,Thu,3,Normal
2018,12,21,Fri,4,Normal
2018,12,22,Sat,5,SchoolHoliday
2018,12,23,Sun,6,SchoolHoliday
2018,12,24,Mon,0,SchoolHoliday
2018,12,25,Tue,1,PublicHoliday
2018,12,26,Wed,2,PublicHoliday
2018,12,27,Thu,3,SchoolHoliday
2018,12,28,Fri,4,SchoolHoliday
2018,12,29,Sat,5,SchoolHoliday
2018,12,30,Sun,6,SchoolHoliday
2018,12,31,Mon,0,SchoolHoliday
2019,1,1,Tue,1,PublicHoliday
2019,1,2,Wed,2,SchoolHoliday
2019,1,3,Thu,3,SchoolHoliday
2019,1,4,Fri,4,SchoolHoliday
2019,1,5,Sat,5,SchoolHoliday
2019,1,6,Sun,6,SchoolHoliday
2019,1,7,Mon,0,SchoolHoliday
2019,1,8,Tue,1,SchoolHoliday
2019,1,9,Wed,2,SchoolHoliday
2019,1,10,Thu,3,SchoolHoliday
2019,1,11,Fri,4,SchoolHoliday
2019,1,12,Sat,5,SchoolHoliday
2019,1,13,Sun,6,SchoolHoliday
2019,1,14,Mon,0,SchoolHoliday
2019,1,15,Tue,1,SchoolHoliday
2019,1,16,Wed,2,SchoolHoliday
2019,1,17,Thu,3,SchoolHoliday
2019,1,18,Fri,4,SchoolHoliday
2019,1,19,Sat,5,SchoolHoliday
2019,1,20,Sun,6,SchoolHoliday
2019,1,21,Mon,0,SchoolHoliday
2019,1,22,Tue,1,SchoolHoliday
2019,1,23,Wed,2,SchoolHoliday
2019,1,24,Thu,3,SchoolHoliday
2019,1,25,Fri,4,SchoolHoliday
2019,1,26,Sat,5,SchoolHoliday
2019,1,27,Sun,6,SchoolHoliday
2019,1,28,Mon,0,PublicHoliday
2019,1,29,Tue,1,Normal
2019,1,30,Wed,2,Normal
2019,1,31,Thu,3,Normal
2019,2,1,Fri,4,Normal
2019,2,2,Sat,5,Normal
2019,2,3,Sun,6,Normal
2019,2,4,Mon,0,Normal
2019,2,5,Tue,1,Normal
2019,2,6,Wed,2,Normal
2019,2,7,Thu,3,Normal
2019,2,8,Fri,4,Normal
2019,2,9,Sat,5,Normal
2019,2,10,Sun,6,Normal
2019,2,11,Mon,0,Normal
2019,2,12,Tue,1,Normal
2019,2,13,Wed,2,Normal
2019,2,14,Thu,3,Normal
2019,2,15,Fri,4,Normal
2019,2,16,Sat,5,Normal
2019,2,17,Sun,6,Normal
2019,2,18,Mon,0,Normal
2019,2,19,Tue,1,Normal
2019,2,20,Wed,2,Normal
2019,2,21,Thu,3,Normal
2019,2,22,Fri,4,Normal
2019,2,23,Sat,5,Normal
2019,2,24,Sun,6,Normal
2019,2,25,Mon,0,Normal
2019,2,26,Tue,1,Normal
2019,2,27,Wed,2,Normal
2019,2,28,Thu,3,Normal
2019,3,1,Fri,4,Normal
2019,3,2,Sat,5,Normal
2019,3,3,Sun,6,Normal
2019,3,4,Mon,0,Normal
2019,3,5,Tue,1,Normal
2019,3,6,Wed,2,Normal
2019,3,7,Thu,3,Normal
2019,3,8,Fri,4,Normal
2019,3,9,Sat,5,Normal
2019,3,10,Sun,6,Normal
2019,3,11,Mon,0,PublicHoliday
2019,3,12,Tue,1,Normal
2019,3,13,Wed,2,Normal
2019,3,14,Thu,3,Normal
2019,3,15,Fri,4,Normal
2019,3,16,Sat,5,Normal
2019,3,17,Sun,6,Normal
2019,3,18,Mon,0,Normal
2019,3,19,Tue,1,Normal
2019,3,20,Wed,2,Normal
2019,3,21,Thu,3,Normal
2019,3,22,Fri,4,Normal
2019,3,23,Sat,5,Normal
2019,3,24,Sun,6,Normal
2019,3,25,Mon,0,Normal
2019,3,26,Tue,1,Normal
2019,3,27,Wed,2,Normal
2019,3,28,Thu,3,Normal
2019,3,29,Fri,4,Normal
2019,3,30,Sat,5,Normal
2019,3,31,Sun,6,Normal
2019,4,1,Mon,0,Normal
2019,4,2,Tue,1,Normal
2019,4,3,Wed,2,Normal
2019,4,4,Thu,3,Normal
2019,4,5,Fri,4,Normal
2019,4,6,Sat,5,SchoolHoliday
2019,4,7,Sun,6,SchoolHoliday
2019,4,8,Mon,0,SchoolHoliday
2019,4,9,Tue,1,SchoolHoliday
2019,4,10,Wed,2,SchoolHoliday
2019,4,11,Thu,3,SchoolHoliday
2019,4,12,Fri,4,SchoolHoliday
2019,4,13,Sat,5,SchoolHoliday
2019,4,14,Sun,6,SchoolHoliday
2019,4,15,Mon,0,SchoolHoliday
2019,4,16,Tue,1,SchoolHoliday
2019,4,17,Wed,2,SchoolHoliday
2019,4,18,Thu,3,SchoolHoliday
2019,4,19,Fri,4,PublicHoliday
2019,4,20,Sat,5,PublicHoliday
2019,4,21,Sun,6,PublicHoliday
2019,4,22,Mon,0,PublicHoliday
2019,4,23,Tue,1,Normal
2019,4,24,Wed,2,Normal
2019,4,25,Thu,3,PublicHoliday
2019,4,26,Fri,4,Normal
2019,4,27,Sat,5,Normal
2019,4,28,Sun,6,Normal
2019,4,29,Mon,0,Normal
2019,4,30,Tue,1,Normal
2019,5,1,Wed,2,Normal
2019,5,2,Thu,3,Normal
2019,5,3,Fri,4,Normal
2019,5,4,Sat,5,Normal
2019,5,5,Sun,6,Normal
2019,5,6,Mon,0,Normal
2019,5,7,Tue,1,Normal
2019,5,8,Wed,2,Normal
2019,5,9,Thu,3,Normal
2019,5,10,Fri,4,Normal
2019,5,11,Sat,5,Normal
2019,5,12,Sun,6,Normal
2019,5,13,Mon,0,Normal
2019,5,14,Tue,1,Normal
2019,5,15,Wed,2,Normal
2019,5,16,Thu,3,Normal
2019,5,17,Fri,4,Normal
2019,5,18,Sat,5,Normal
2019,5,19,Sun,6,Normal
2019,5,20,Mon,0,Normal
2019,5,21,Tue,1,Normal
2019,5,22,Wed,2,Normal
2019,5,23,Thu,3,Normal
2019,5,24,Fri,4,Normal
2019,5,25,Sat,5,Normal
2019,5,26,Sun,6,Normal
2019,5,27,Mon,0,Normal
2019,5,28,Tue,1,Normal
2019,5,29,Wed,2,Normal
2019,5,30,Thu,3,Normal
2019,5,31,Fri,4,Normal
2019,6,1,Sat,5,Normal
2019,6,2,Sun,6,Normal
2019,6,3,Mon,0,Normal
2019,6,4,Tue,1,Normal
2019,6,5,Wed,2,Normal
2019,6,6,Thu,3,Normal
2019,6,7,Fri,4,Normal
2019,6,8,Sat,5,Normal
2019,6,9,Sun,6,Normal
2019,6,10,Mon,0,PublicHoliday
2019,6,11,Tue,1,Normal
2019,6,12,Wed,2,Normal
2019,6,13,Thu,3,Normal
2019,6,14,Fri,4,Normal
2019,6,15,Sat,5,Normal
2019,6,16,Sun,6,Normal
2019,6,17,Mon,0,Normal
2019,6,18,Tue,1,Normal
2019,6,19,Wed,2,Normal
2019,6,20,Thu,3,Normal
2019,6,21,Fri,4,Normal
2019,6,22,Sat,5,Normal
2019,6,23,Sun,6,Normal
2019,6,24,Mon,0,Normal
2019,6,25,Tue,1,Normal
2019,6,26,Wed,2,Normal
2019,6,27,Thu,3,Normal
2019,6,28,Fri,4,Normal
2019,6,29,Sat,5,SchoolHoliday
2019,6,30,Sun,6,SchoolHoliday
2019,7,1,Mon,0,SchoolHoliday
2019,7,2,Tue,1,SchoolHoliday
2019,7,3,Wed,2,SchoolHoliday
2019,7,4,Thu,3,SchoolHoliday
2019,7,5,Fri,4,SchoolHoliday
2019,7,6,Sat,5,SchoolHoliday
2019,7,7,Sun,6,SchoolHoliday
2019,7,8,Mon,0,SchoolHoliday
2019,7,9,Tue,1,SchoolHoliday
2019,7,10,Wed,2,SchoolHoliday
2019,7,11,Thu,3,SchoolHoliday
2019,7,12,Fri,4,SchoolHoliday
2019,7,13,Sat,5,SchoolHoliday
2019,7,14,Sun,6,SchoolHoliday
2019,7,15,Mon,0,Normal
2019,7,16,Tue,1,Normal
2019,7,17,Wed,2,Normal
2019,7,18,Thu,3,Normal
2019,7,19,Fri,4,Normal
2019,7,20,Sat,5,Normal
2019,7,21,Sun,6,Normal
2019,7,22,Mon,0,Normal
2019,7,23,Tue,1,Normal
2019,7,24,Wed,2,Normal
2019,7,25,Thu,3,Normal
2019,7,26,Fri,4,Normal
2019,7,27,Sat,5,Normal
2019,7,28,Sun,6,Normal
2019,7,29,Mon,0,Normal
2019,7,30,Tue,1,Normal
2019,7,31,Wed,2,Normal
2019,8,1,Thu,3,Normal
2019,8,2,Fri,4,Normal
2019,8,3,Sat,5,Normal
2019,8,4,Sun,6,Normal
2019,8,5,Mon,0,Normal
2019,8,6,Tue,1,Normal
2019,8,7,Wed,2,Normal
2019,8,8,Thu,3,Normal
2019,8,9,Fri,4,Normal
2019,8,10,Sat,5,Normal
2019,8,11,Sun,6,Normal
2019,8,12,Mon,0,Normal
2019,8,13,Tue,1,Normal
2019,8,14,Wed,2,Normal
2019,8,15,Thu,3,Normal
2019,8,16,Fri,4,Normal
2019,8,17,Sat,5,Normal
2019,8,18,Sun,6,Normal
2019,8,19,Mon,0,Normal
2019,8,20,Tue,1,Normal
2019,8,21,Wed,2,Normal
2019,8,22,Thu,3,Normal
2019,8,23,Fri,4,Normal
2019,8,24,Sat,5,Normal
2019,8,25,Sun,6,Normal
2019,8,26,Mon,0,Normal
2019,8,27,Tue,1,Normal
2019,8,28,Wed,2,Normal
2019,8,29,Thu,3,Normal
2019,8,30,Fri,4,Normal
2019,8,31,Sat,5,Normal
2019,9,1,Sun,6,Normal
2019,9,2,Mon,0,Normal
2019,9,3,Tue,1,Normal
2019,9,4,Wed,2,Normal
2019,9,5,Thu,3,Normal
2019,9,6,Fri,4,Normal
2019,9,7,Sat,5,Normal
2019,9,8,Sun,6,Normal
2019,9,9,Mon,0,Normal
2019,9,10,Tue,1,Normal
2019,9,11,Wed,2,Normal
2019,9,12,Thu,3,Normal
2019,9,13,Fri,4,Normal
2019,9,14,Sat,5,Normal
2019,9,15,Sun,6,Normal
2019,9,16,Mon,0,Normal
2019,9,17,Tue,1,Normal
2019,9,18,Wed,2,Normal
2019,9,19,Thu,3,Normal
2019,9,20,Fri,4,Normal
2019,9,21,Sat,5,SchoolHoliday
2019,9,22,Sun,6,SchoolHoliday
2019,9,23,Mon,0,SchoolHoliday
2019,9,24,Tue,1,SchoolHoliday
2019,9,25,Wed,2,SchoolHoliday
2019,9,26,Thu,3,SchoolHoliday
2019,9,27,Fri,4,PublicHoliday
2019,9,28,Sat,5,SchoolHoliday
2019,9,29,Sun,6,SchoolHoliday
2019,9,30,Mon,0,SchoolHoliday
2019,10,1,Tue,1,SchoolHoliday
2019,10,2,Wed,2,SchoolHoliday
2019,10,3,Thu,3,SchoolHoliday
2019,10,4,Fri,4,SchoolHoliday
2019,10,5,Sat,5,SchoolHoliday
2019,10,6,Sun,6,SchoolHoliday
2019,10,7,Mon,0,Normal
2019,10,8,Tue,1,Normal
2019,10,9,Wed,2,Normal
2019,10,10,Thu,3,Normal
2019,10,11,Fri,4,Normal
2019,10,12,Sat,5,Normal
2019,10,13,Sun,6,Normal
2019,10,14,Mon,0,Normal
2019,10,15,Tue,1,Normal
2019,10,16,Wed,2,Normal
2019,10,17,Thu,3,Normal
2019,10,18,Fri,4,Normal
2019,10,19,Sat,5,Normal
2019,10,20,Sun,6,Normal
2019,10,21,Mon,0,Normal
2019,10,22,Tue,1,Normal
2019,10,23,Wed,2,Normal
2019,10,24,Thu,3,Normal
2019,10,25,Fri,4,Normal
2019,10,26,Sat,5,Normal
2019,10,27,Sun,6,Normal
2019,10,28,Mon,0,Normal
2019,10,29,Tue,1,Normal
2019,10,30,Wed,2,Normal
2019,10,31,Thu,3,Normal
2019,11,1,Fri,4,Normal
2019,11,2,Sat,5,Normal
2019,11,3,Sun,6,Normal
2019,11,4,Mon,0,Normal
2019,11,5,Tue,1,PublicHoliday
2019,11,6,Wed,2,Normal
2019,11,7,Thu,3,Normal
2019,11,8,Fri,4,Normal
2019,11,9,Sat,5,Normal
2019,11,10,Sun,6,Normal
2019,11,11,Mon,0,Normal
2019,11,12,Tue,1,Normal
2019,11,13,Wed,2,Normal
2019,11,14,Thu,3,Normal
2019,11,15,Fri,4,Normal
2019,11,16,Sat,5,Normal
2019,11,17,Sun,6,Normal
2019,11,18,Mon,0,Normal
2019,11,19,Tue,1,Normal
2019,11,20,Wed,2,Normal
2019,11,21,Thu,3,Normal
2019,11,22,Fri,4,Normal
2019,11,23,Sat,5,Normal
2019,11,24,Sun,6,Normal
2019,11,25,Mon,0,Normal
2019,11,26,Tue,1,Normal
2019,11,27,Wed,2,Normal
2019,11,28,Thu,3,Normal
2019,11,29,Fri,4,Normal
2019,11,30,Sat,5,Normal
2019,12,1,Sun,6,Normal
2019,12,2,Mon,0,Normal
2019,12,3,Tue,1,Normal
2019,12,4,Wed,2,Normal
2019,12,5,Thu,3,Normal
2019,12,6,Fri,4,Normal
2019,12,7,Sat,5,Normal
2019,12,8,Sun,6,Normal
2019,12,9,Mon,0,Normal
2019,12,10,Tue,1,Normal
2019,12,11,Wed,2,Normal
2019,12,12,Thu,3,Normal
2019,12,13,Fri,4,Normal
2019,12,14,Sat,5,Normal
2019,12,15,Sun,6,Normal
2019,12,16,Mon,0,Normal
2019,12,17,Tue,1,Normal
2019,12,18,Wed,2,Normal
2019,12,19,Thu,3,Normal
2019,12,20,Fri,4,Normal
2019,12,21,Sat,5,SchoolHoliday
2019,12,22,Sun,6,SchoolHoliday
2019,12,23,Mon,0,SchoolHoliday
2019,12,24,Tue,1,SchoolHoliday
2019,12,25,Wed,2,PublicHoliday
2019,12,26,Thu,3,PublicHoliday
2019,12,27,Fri,4,SchoolHoliday
2019,12,28,Sat,5,SchoolHoliday
2019,12,29,Sun,6,SchoolHoliday
2019,12,30,Mon,0,SchoolHoliday
2019,12,31,Tue,1,SchoolHoliday
2020,1,1,Wed,2,PublicHoliday
2020,1,2,Thu,3,SchoolHoliday
2020,1,3,Fri,4,SchoolHoliday
2020,1,4,Sat,5,SchoolHoliday
2020,1,5,Sun,6,SchoolHoliday
2020,1,6,Mon,0,SchoolHoliday
2020,1,7,Tue,1,SchoolHoliday
2020,1,8,Wed,2,SchoolHoliday
2020,1,9,Thu,3,SchoolHoliday
2020,1,10,Fri,4,SchoolHoliday
2020,1,11,Sat,5,SchoolHoliday
2020,1,12,Sun,6,SchoolHoliday
2020,1,13,Mon,0,SchoolHoliday
2020,1,14,Tue,1,SchoolHoliday
2020,1,15,Wed,2,SchoolHoliday
2020,1,16,Thu,3,SchoolHoliday
2020,1,17,Fri,4,SchoolHoliday
2020,1,18,Sat,5,SchoolHoliday
2020,1,19,Sun,6,SchoolHoliday
2020,1,20,Mon,0,SchoolHoliday
2020,1,21,Tue,1,SchoolHoliday
2020,1,22,Wed,2,SchoolHoliday
2020,1,23,Thu,3,SchoolHoliday
2020,1,24,Fri,4,SchoolHoliday
2020,1,25,Sat,5,SchoolHoliday
2020,1,26,Sun,6,SchoolHoliday
2020,1,27,Mon,0,PublicHoliday
2020,1,28,Tue,1,Normal
2020,1,29,Wed,2,Normal
2020,1,30,Thu,3,Normal
2020,1,31,Fri,4,Normal
2020,2,1,Sat,5,Normal
2020,2,2,Sun,6,Normal
2020,2,3,Mon,0,Normal
2020,2,4,Tue,1,Normal
2020,2,5,Wed,2,Normal
2020,2,6,Thu,3,Normal
2020,2,7,Fri,4,Normal
2020,2,8,Sat,5,Normal
2020,2,9,Sun,6,Normal
2020,2,10,Mon,0,Normal
2020,2,11,Tue,1,Normal
2020,2,12,Wed,2,Normal
2020,2,13,Thu,3,Normal
2020,2,14,Fri,4,Normal
2020,2,15,Sat,5,Normal
2020,2,16,Sun,6,Normal
2020,2,17,Mon,0,Normal
2020,2,18,Tue,1,Normal
2020,2,19,Wed,2,Normal
2020,2,20,Thu,3,Normal
2020,2,21,Fri,4,Normal
2020,2,22,Sat,5,Normal
2020,2,23,Sun,6,Normal
2020,2,24,Mon,0,Normal
2020,2,25,Tue,1,Normal
2020,2,26,Wed,2,Normal
2020,2,27,Thu,3,Normal
2020,2,28,Fri,4,Normal
2020,2,29,Sat,5,Normal
2020,3,1,Sun,6,Normal
2020,3,2,Mon,0,Normal
2020,3,3,Tue,1,Normal
2020,3,4,Wed,2,Normal
2020,3,5,Thu,3,Normal
2020,3,6,Fri,4,Normal
2020,3,7,Sat,5,Normal
2020,3,8,Sun,6,Normal
2020,3,9,Mon,0,PublicHoliday
2020,3,10,Tue,1,Normal
2020,3,11,Wed,2,Normal
2020,3,12,Thu,3,Normal
2020,3,13,Fri,4,Normal
2020,3,14,Sat,5,Normal
2020,3,15,Sun,6,Normal
2020,3,16,Mon,0,Normal
2020,3,17,Tue,1,Normal
2020,3,18,Wed,2,Normal
2020,3,19,Thu,3,Normal
2020,3,20,Fri,4,Normal
2020,3,21,Sat,5,Normal
2020,3,22,Sun,6,Normal
2020,3,23,Mon,0,Normal
2020,3,24,Tue,1,Normal
2020,3,25,Wed,2,Normal
2020,3,26,Thu,3,Normal
2020,3,27,Fri,4,Normal
2020,3,28,Sat,5,SchoolHoliday
2020,3,29,Sun,6,SchoolHoliday
2020,3,30,Mon,0,SchoolHoliday
2020,3,31,Tue,1,SchoolHoliday
2020,4,1,Wed,2,SchoolHoliday
2020,4,2,Thu,3,SchoolHoliday
2020,4,3,Fri,4,SchoolHoliday
2020,4,4,Sat,5,SchoolHoliday
2020,4,5,Sun,6,SchoolHoliday
2020,4,6,Mon,0,SchoolHoliday
2020,4,7,Tue,1,SchoolHoliday
2020,4,8,Wed,2,SchoolHoliday
2020,4,9,Thu,3,SchoolHoliday
2020,4,10,Fri,4,PublicHoliday
2020,4,11,Sat,5,PublicHoliday
2020,4,12,Sun,6,PublicHoliday
2020,4,13,Mon,0,PublicHoliday
2020,4,14,Tue,1,Normal
2020,4,15,Wed,2,Normal
2020,4,16,Thu,3,Normal
2020,4,17,Fri,4,Normal
2020,4,18,Sat,5,Normal
2020,4,19,Sun,6,Normal
2020,4,20,Mon,0,Normal
2020,4,21,Tue,1,Normal
2020,4,22,Wed,2,Normal
2020,4,23,Thu,3,Normal
2020,4,24,Fri,4,Normal
2020,4,25,Sat,5,PublicHoliday
2020,4,26,Sun,6,Normal
2020,4,27,Mon,0,Normal
2020,4,28,Tue,1,Normal
2020,4,29,Wed,2,Normal
2020,4,30,Thu,3,Normal
2020,5,1,Fri,4,Normal
2020,5,2,Sat,5,Normal
2020,5,3,Sun,6,Normal
2020,5,4,Mon,0,Normal
2020,5,5,Tue,1,Normal
2020,5,6,Wed,2,Normal
2020,5,7,Thu,3,Normal
2020,5,8,Fri,4,Normal
2020,5,9,Sat,5,Normal
2020,5,10,Sun,6,Normal
2020,5,11,Mon,0,Normal
2020,5,12,Tue,1,Normal
2020,5,13,Wed,2,Normal
2020,5,14,Thu,3,Normal
2020,5,15,Fri,4,Normal
2020,5,16,Sat,5,Normal
2020,5,17,Sun,6,Normal
2020,5,18,Mon,0,Normal
2020,5,19,Tue,1,Normal
2020,5,20,Wed,2,Normal
2020,5,21,Thu,3,Normal
2020,5,22,Fri,4,Normal
2020,5,23,Sat,5,Normal
2020,5,24,Sun,6,Normal
2020,5,25,Mon,0,Normal
2020,5,26,Tue,1,Normal
2020,5,27,Wed,2,Normal
2020,5,28,Thu,3,Normal
2020,5,29,Fri,4,Normal
2020,5,30,Sat,5,Normal
2020,5,31,Sun,6,Normal
2020,6,1,Mon,0,Normal
2020,6,2,Tue,1,Normal
2020,6,3,Wed,2,Normal
2020,6,4,Thu,3,Normal
2020,6,5,Fri,4,Normal
2020,6,6,Sat,5,Normal
2020,6,7,Sun,6,Normal
2020,6,8,Mon,0,PublicHoliday
2020,6,9,Tue,1,Normal
2020,6,10,Wed,2,Normal
2020,6,11,Thu,3,Normal
2020,6,12,Fri,4,Normal
2020,6,13,Sat,5,Normal
2020,6,14,Sun,6,Normal
2020,6,15,Mon,0,Normal
2020,6,16,Tue,1,Normal
2020,6,17,Wed,2,Normal
2020,6,18,Thu,3,Normal
2020,6,19,Fri,4,Normal
2020,6,20,Sat,5,Normal
2020,6,21,Sun,6,Normal
2020,6,22,Mon,0,Normal
2020,6,23,Tue,1,Normal
2020,6,24,Wed,2,Normal
2020,6,25,Thu,3,Normal
2020,6,26,Fri,4,Normal
2020,6,27,Sat,5,SchoolHoliday
2020,6,28,Sun,6,SchoolHoliday
2020,6,29,Mon,0,SchoolHoliday
2020,6,30,Tue,1,SchoolHoliday
2020,7,1,Wed,2,SchoolHoliday
2020,7,2,Thu,3,SchoolHoliday
2020,7,3,Fri,4,SchoolHoliday
2020,7,4,Sat,5,SchoolHoliday
2020,7,5,Sun,6,SchoolHoliday
2020,7,6,Mon,0,SchoolHoliday
2020,7,7,Tue,1,SchoolHoliday
2020,7,8,Wed,2,SchoolHoliday
2020,7,9,Thu,3,SchoolHoliday
2020,7,10,Fri,4,SchoolHoliday
2020,7,11,Sat,5,SchoolHoliday
2020,7,12,Sun,6,SchoolHoliday
2020,7,13,Mon,0,Normal
2020,7,14,Tue,1,Normal
2020,7,15,Wed,2,Normal
2020,7,16,Thu,3,Normal
2020,7,17,Fri,4,Normal
2020,7,18,Sat,5,Normal
2020,7,19,Sun,6,Normal
2020,7,20,Mon,0,Normal
2020,7,21,Tue,1,Normal
2020,7,22,Wed,2,Normal
2020,7,23,Thu,3,Normal
2020,7,24,Fri,4,Normal
2020,7,25,Sat,5,Normal
2020,7,26,Sun,6,Normal
2020,7,27,Mon,0,Normal
2020,7,28,Tue,1,Normal
2020,7,29,Wed,2,Normal
2020,7,30,Thu,3,Normal
2020,7,31,Fri,4,Normal
2020,8,1,Sat,5,Normal
2020,8,2,Sun,6,Normal
2020,8,3,Mon,0,Normal
2020,8,4,Tue,1,Normal
2020,8,5,Wed,2,Normal
2020,8,6,Thu,3,Normal
2020,8,7,Fri,4,Normal
2020,8,8,Sat,5,Normal
2020,8,9,Sun,6,Normal
2020,8,10,Mon,0,Normal
2020,8,11,Tue,1,Normal
2020,8,12,Wed,2,Normal
2020,8,13,Thu,3,Normal
2020,8,14,Fri,4,Normal
2020,8,15,Sat,5,Normal
2020,8,16,Sun,6,Normal
2020,8,17,Mon,0,Normal
2020,8,18,Tue,1,Normal
2020,8,19,Wed,2,Normal
2020,8,20,Thu,3,Normal
2020,8,21,Fri,4,Normal
2020,8,22,Sat,5,Normal
2020,8,23,Sun,6,Normal
2020,8,24,Mon,0,Normal
2020,8,25,Tue,1,Normal
2020,8,26,Wed,2,Normal
2020,8,27,Thu,3,Normal
2020,8,28,Fri,4,Normal
2020,8,29,Sat,5,Normal
2020,8,30,Sun,6,Normal
2020,8,31,Mon,0,Normal
2020,9,1,Tue,1,Normal
2020,9,2,Wed,2,Normal
2020,9,3,Thu,3,Normal
2020,9,4,Fri,4,Normal
2020,9,5,Sat,5,Normal
2020,9,6,Sun,6,Normal
2020,9,7,Mon,0,Normal
2020,9,8,Tue,1,Normal
2020,9,9,Wed,2,Normal
2020,9,10,Thu,3,Normal
2020,9,11,Fri,4,Normal
2020,9,12,Sat,5,Normal
2020,9,13,Sun,6,Normal
2020,9,14,Mon,0,Normal
2020,9,15,Tue,1,Normal
2020,9,16,Wed,2,Normal
2020,9,17,Thu,3,Normal
2020,9,18,Fri,4,Normal
2020,9,19,Sat,5,SchoolHoliday
2020,9,20,Sun,6,SchoolHoliday
2020,9,21,Mon,0,SchoolHoliday
2020,9,22,Tue,1,SchoolHoliday
2020,9,23,Wed,2,SchoolHoliday
2020,9,24,Thu,3,SchoolHoliday
2020,9,25,Fri,4,SchoolHoliday
2020,9,26,Sat,5,SchoolHoliday
2020,9,27,Sun,6,SchoolHoliday
2020,9,28,Mon,0,SchoolHoliday
2020,9,29,Tue,1,SchoolHoliday
2020,9,30,Wed,2,SchoolHoliday
2020,10,1,Thu,3,SchoolHoliday
2020,10,2,Fri,4,SchoolHoliday
2020,10,3,Sat,5,SchoolHoliday
2020,10,4,Sun,6,SchoolHoliday
2020,10,5,Mon,0,Normal
2020,10,6,Tue,1,Normal
2020,10,7,Wed,2,Normal
2020,10,8,Thu,3,Normal
2020,10,9,Fri,4,Normal
2020,10,10,Sat,5,Normal
2020,10,11,Sun,6,Normal
2020,10,12,Mon,0,Normal
2020,10,13,Tue,1,Normal
2020,10,14,Wed,2,Normal
2020,10,15,Thu,3,Normal
2020,10,16,Fri,4,Normal
2020,10,17,Sat,5,Normal
2020,10,18,Sun,6,Normal
2020,10,19,Mon,0,Normal
2020,10,20,Tue,1,Normal
2020,10,21,Wed,2,Normal
2020,10,22,Thu,3,Normal
2020,10,23,Fri,4,PublicHoliday
2020,10,24,Sat,5,Normal
2020,10,25,Sun,6,Normal
2020,10,26,Mon,0,Normal
2020,10,27,Tue,1,Normal
2020,10,28,Wed,2,Normal
2020,10,29,Thu,3,Normal
2020,10,30,Fri,4,Normal
2020,10,31,Sat,5,Normal
2020,11,1,Sun,6,Normal
2020,11,2,Mon,0,Normal
2020,11,3,Tue,1,PublicHoliday
2020,11,4,Wed,2,Normal
2020,11,5,Thu,3,Normal
2020,11,6,Fri,4,Normal
2020,11,7,Sat,5,Normal
2020,11,8,Sun,6,Normal
2020,11,9,Mon,0,Normal
2020,11,10,Tue,1,Normal
2020,11,11,Wed,2,Normal
2020,11,12,Thu,3,Normal
2020,11,13,Fri,4,Normal
2020,11,14,Sat,5,Normal
2020,11,15,Sun,6,Normal
2020,11,16,Mon,0,Normal
2020,11,17,Tue,1,Normal
2020,11,18,Wed,2,Normal
2020,11,19,Thu,3,Normal
2020,11,20,Fri,4,Normal
2020,11,21,Sat,5,Normal
2020,11,22,Sun,6,Normal
2020,11,23,Mon,0,Normal
2020,11,24,Tue,1,Normal
2020,11,25,Wed,2,Normal
2020,11,26,Thu,3,Normal
2020,11,27,Fri,4,Normal
2020,11,28,Sat,5,Normal
2020,11,29,Sun,6,Normal
2020,11,30,Mon,0,Normal
2020,12,1,Tue,1,Normal
2020,12,2,Wed,2,Normal
2020,12,3,Thu,3,Normal
2020,12,4,Fri,4,Normal
2020,12,5,Sat,5,Normal
2020,12,6,Sun,6,Normal
2020,12,7,Mon,0,Normal
2020,12,8,Tue,1,Normal
2020,12,9,Wed,2,Normal
2020,12,10,Thu,3,Normal
2020,12,11,Fri,4,Normal
2020,12,12,Sat,5,Normal
2020,12,13,Sun,6,Normal
2020,12,14,Mon,0,Normal
2020,12,15,Tue,1,Normal
2020,12,16,Wed,2,Normal
2020,12,17,Thu,3,Normal
2020,12,18,Fri,4,Normal
2020,12,19,Sat,5,SchoolHoliday
2020,12,20,Sun,6,SchoolHoliday
2020,12,21,Mon,0,SchoolHoliday
2020,12,22,Tue,1,SchoolHoliday
2020,12,23,Wed,2,SchoolHoliday
2020,12,24,Thu,3,SchoolHoliday
2020,12,25,Fri,4,PublicHoliday
2020,12,26,Sat,5,PublicHoliday
2020,12,27,Sun,6,SchoolHoliday
2020,12,28,Mon,0,PublicHoliday
2020,12,29,Tue,1,SchoolHoliday
2020,12,30,Wed,2,SchoolHoliday
2020,12,31,Thu,3,SchoolHoliday
